// AC6502 BIOS ROM (BIOS.bin from acwright/6502-BIOS), embedded verbatim.
// 32KB, mapped at machine addresses $8000-$FFFF; only $A000-$FFFF is ever
// read as ROM (see src/machine/machine.c) since $8000-$9FFF is shadowed by
// the I/O slot window.
//
// Build: v1.5-1-gd1fcefe. Re-embedding is a straight byte dump of that repo's
// BIOS.bin in the format below; nothing here depends on where anything in
// the image sits, with two exceptions worth re-checking when it changes:
// the character set at $B800, which the launcher borrows to draw with
// (src/launcher/launcher.c), and BASIC's workspace pointers, which the
// program loader writes (BAS_* in src/machine/machine.c).
#include "bios_rom.h"

const uint8_t bios_rom[BIOS_ROM_SIZE] = {
    0x00,0x00,0x00,0x00,0x00,0x00,0x00,0x00,0x00,0x00,0x00,0x00,0x00,0x00,0x00,0x00,
    0x00,0x00,0x00,0x00,0x00,0x00,0x00,0x00,0x00,0x00,0x00,0x00,0x00,0x00,0x00,0x00,
    0x00,0x00,0x00,0x00,0x00,0x00,0x00,0x00,0x00,0x00,0x00,0x00,0x00,0x00,0x00,0x00,
    0x00,0x00,0x00,0x00,0x00,0x00,0x00,0x00,0x00,0x00,0x00,0x00,0x00,0x00,0x00,0x00,
    0x00,0x00,0x00,0x00,0x00,0x00,0x00,0x00,0x00,0x00,0x00,0x00,0x00,0x00,0x00,0x00,
    0x00,0x00,0x00,0x00,0x00,0x00,0x00,0x00,0x00,0x00,0x00,0x00,0x00,0x00,0x00,0x00,
    0x00,0x00,0x00,0x00,0x00,0x00,0x00,0x00,0x00,0x00,0x00,0x00,0x00,0x00,0x00,0x00,
    0x00,0x00,0x00,0x00,0x00,0x00,0x00,0x00,0x00,0x00,0x00,0x00,0x00,0x00,0x00,0x00,
    0x00,0x00,0x00,0x00,0x00,0x00,0x00,0x00,0x00,0x00,0x00,0x00,0x00,0x00,0x00,0x00,
    0x00,0x00,0x00,0x00,0x00,0x00,0x00,0x00,0x00,0x00,0x00,0x00,0x00,0x00,0x00,0x00,
    0x00,0x00,0x00,0x00,0x00,0x00,0x00,0x00,0x00,0x00,0x00,0x00,0x00,0x00,0x00,0x00,
    0x00,0x00,0x00,0x00,0x00,0x00,0x00,0x00,0x00,0x00,0x00,0x00,0x00,0x00,0x00,0x00,
    0x00,0x00,0x00,0x00,0x00,0x00,0x00,0x00,0x00,0x00,0x00,0x00,0x00,0x00,0x00,0x00,
    0x00,0x00,0x00,0x00,0x00,0x00,0x00,0x00,0x00,0x00,0x00,0x00,0x00,0x00,0x00,0x00,
    0x00,0x00,0x00,0x00,0x00,0x00,0x00,0x00,0x00,0x00,0x00,0x00,0x00,0x00,0x00,0x00,
    0x00,0x00,0x00,0x00,0x00,0x00,0x00,0x00,0x00,0x00,0x00,0x00,0x00,0x00,0x00,0x00,
    0x00,0x00,0x00,0x00,0x00,0x00,0x00,0x00,0x00,0x00,0x00,0x00,0x00,0x00,0x00,0x00,
    0x00,0x00,0x00,0x00,0x00,0x00,0x00,0x00,0x00,0x00,0x00,0x00,0x00,0x00,0x00,0x00,
    0x00,0x00,0x00,0x00,0x00,0x00,0x00,0x00,0x00,0x00,0x00,0x00,0x00,0x00,0x00,0x00,
    0x00,0x00,0x00,0x00,0x00,0x00,0x00,0x00,0x00,0x00,0x00,0x00,0x00,0x00,0x00,0x00,
    0x00,0x00,0x00,0x00,0x00,0x00,0x00,0x00,0x00,0x00,0x00,0x00,0x00,0x00,0x00,0x00,
    0x00,0x00,0x00,0x00,0x00,0x00,0x00,0x00,0x00,0x00,0x00,0x00,0x00,0x00,0x00,0x00,
    0x00,0x00,0x00,0x00,0x00,0x00,0x00,0x00,0x00,0x00,0x00,0x00,0x00,0x00,0x00,0x00,
    0x00,0x00,0x00,0x00,0x00,0x00,0x00,0x00,0x00,0x00,0x00,0x00,0x00,0x00,0x00,0x00,
    0x00,0x00,0x00,0x00,0x00,0x00,0x00,0x00,0x00,0x00,0x00,0x00,0x00,0x00,0x00,0x00,
    0x00,0x00,0x00,0x00,0x00,0x00,0x00,0x00,0x00,0x00,0x00,0x00,0x00,0x00,0x00,0x00,
    0x00,0x00,0x00,0x00,0x00,0x00,0x00,0x00,0x00,0x00,0x00,0x00,0x00,0x00,0x00,0x00,
    0x00,0x00,0x00,0x00,0x00,0x00,0x00,0x00,0x00,0x00,0x00,0x00,0x00,0x00,0x00,0x00,
    0x00,0x00,0x00,0x00,0x00,0x00,0x00,0x00,0x00,0x00,0x00,0x00,0x00,0x00,0x00,0x00,
    0x00,0x00,0x00,0x00,0x00,0x00,0x00,0x00,0x00,0x00,0x00,0x00,0x00,0x00,0x00,0x00,
    0x00,0x00,0x00,0x00,0x00,0x00,0x00,0x00,0x00,0x00,0x00,0x00,0x00,0x00,0x00,0x00,
    0x00,0x00,0x00,0x00,0x00,0x00,0x00,0x00,0x00,0x00,0x00,0x00,0x00,0x00,0x00,0x00,
    0x00,0x00,0x00,0x00,0x00,0x00,0x00,0x00,0x00,0x00,0x00,0x00,0x00,0x00,0x00,0x00,
    0x00,0x00,0x00,0x00,0x00,0x00,0x00,0x00,0x00,0x00,0x00,0x00,0x00,0x00,0x00,0x00,
    0x00,0x00,0x00,0x00,0x00,0x00,0x00,0x00,0x00,0x00,0x00,0x00,0x00,0x00,0x00,0x00,
    0x00,0x00,0x00,0x00,0x00,0x00,0x00,0x00,0x00,0x00,0x00,0x00,0x00,0x00,0x00,0x00,
    0x00,0x00,0x00,0x00,0x00,0x00,0x00,0x00,0x00,0x00,0x00,0x00,0x00,0x00,0x00,0x00,
    0x00,0x00,0x00,0x00,0x00,0x00,0x00,0x00,0x00,0x00,0x00,0x00,0x00,0x00,0x00,0x00,
    0x00,0x00,0x00,0x00,0x00,0x00,0x00,0x00,0x00,0x00,0x00,0x00,0x00,0x00,0x00,0x00,
    0x00,0x00,0x00,0x00,0x00,0x00,0x00,0x00,0x00,0x00,0x00,0x00,0x00,0x00,0x00,0x00,
    0x00,0x00,0x00,0x00,0x00,0x00,0x00,0x00,0x00,0x00,0x00,0x00,0x00,0x00,0x00,0x00,
    0x00,0x00,0x00,0x00,0x00,0x00,0x00,0x00,0x00,0x00,0x00,0x00,0x00,0x00,0x00,0x00,
    0x00,0x00,0x00,0x00,0x00,0x00,0x00,0x00,0x00,0x00,0x00,0x00,0x00,0x00,0x00,0x00,
    0x00,0x00,0x00,0x00,0x00,0x00,0x00,0x00,0x00,0x00,0x00,0x00,0x00,0x00,0x00,0x00,
    0x00,0x00,0x00,0x00,0x00,0x00,0x00,0x00,0x00,0x00,0x00,0x00,0x00,0x00,0x00,0x00,
    0x00,0x00,0x00,0x00,0x00,0x00,0x00,0x00,0x00,0x00,0x00,0x00,0x00,0x00,0x00,0x00,
    0x00,0x00,0x00,0x00,0x00,0x00,0x00,0x00,0x00,0x00,0x00,0x00,0x00,0x00,0x00,0x00,
    0x00,0x00,0x00,0x00,0x00,0x00,0x00,0x00,0x00,0x00,0x00,0x00,0x00,0x00,0x00,0x00,
    0x00,0x00,0x00,0x00,0x00,0x00,0x00,0x00,0x00,0x00,0x00,0x00,0x00,0x00,0x00,0x00,
    0x00,0x00,0x00,0x00,0x00,0x00,0x00,0x00,0x00,0x00,0x00,0x00,0x00,0x00,0x00,0x00,
    0x00,0x00,0x00,0x00,0x00,0x00,0x00,0x00,0x00,0x00,0x00,0x00,0x00,0x00,0x00,0x00,
    0x00,0x00,0x00,0x00,0x00,0x00,0x00,0x00,0x00,0x00,0x00,0x00,0x00,0x00,0x00,0x00,
    0x00,0x00,0x00,0x00,0x00,0x00,0x00,0x00,0x00,0x00,0x00,0x00,0x00,0x00,0x00,0x00,
    0x00,0x00,0x00,0x00,0x00,0x00,0x00,0x00,0x00,0x00,0x00,0x00,0x00,0x00,0x00,0x00,
    0x00,0x00,0x00,0x00,0x00,0x00,0x00,0x00,0x00,0x00,0x00,0x00,0x00,0x00,0x00,0x00,
    0x00,0x00,0x00,0x00,0x00,0x00,0x00,0x00,0x00,0x00,0x00,0x00,0x00,0x00,0x00,0x00,
    0x00,0x00,0x00,0x00,0x00,0x00,0x00,0x00,0x00,0x00,0x00,0x00,0x00,0x00,0x00,0x00,
    0x00,0x00,0x00,0x00,0x00,0x00,0x00,0x00,0x00,0x00,0x00,0x00,0x00,0x00,0x00,0x00,
    0x00,0x00,0x00,0x00,0x00,0x00,0x00,0x00,0x00,0x00,0x00,0x00,0x00,0x00,0x00,0x00,
    0x00,0x00,0x00,0x00,0x00,0x00,0x00,0x00,0x00,0x00,0x00,0x00,0x00,0x00,0x00,0x00,
    0x00,0x00,0x00,0x00,0x00,0x00,0x00,0x00,0x00,0x00,0x00,0x00,0x00,0x00,0x00,0x00,
    0x00,0x00,0x00,0x00,0x00,0x00,0x00,0x00,0x00,0x00,0x00,0x00,0x00,0x00,0x00,0x00,
    0x00,0x00,0x00,0x00,0x00,0x00,0x00,0x00,0x00,0x00,0x00,0x00,0x00,0x00,0x00,0x00,
    0x00,0x00,0x00,0x00,0x00,0x00,0x00,0x00,0x00,0x00,0x00,0x00,0x00,0x00,0x00,0x00,
    0x00,0x00,0x00,0x00,0x00,0x00,0x00,0x00,0x00,0x00,0x00,0x00,0x00,0x00,0x00,0x00,
    0x00,0x00,0x00,0x00,0x00,0x00,0x00,0x00,0x00,0x00,0x00,0x00,0x00,0x00,0x00,0x00,
    0x00,0x00,0x00,0x00,0x00,0x00,0x00,0x00,0x00,0x00,0x00,0x00,0x00,0x00,0x00,0x00,
    0x00,0x00,0x00,0x00,0x00,0x00,0x00,0x00,0x00,0x00,0x00,0x00,0x00,0x00,0x00,0x00,
    0x00,0x00,0x00,0x00,0x00,0x00,0x00,0x00,0x00,0x00,0x00,0x00,0x00,0x00,0x00,0x00,
    0x00,0x00,0x00,0x00,0x00,0x00,0x00,0x00,0x00,0x00,0x00,0x00,0x00,0x00,0x00,0x00,
    0x00,0x00,0x00,0x00,0x00,0x00,0x00,0x00,0x00,0x00,0x00,0x00,0x00,0x00,0x00,0x00,
    0x00,0x00,0x00,0x00,0x00,0x00,0x00,0x00,0x00,0x00,0x00,0x00,0x00,0x00,0x00,0x00,
    0x00,0x00,0x00,0x00,0x00,0x00,0x00,0x00,0x00,0x00,0x00,0x00,0x00,0x00,0x00,0x00,
    0x00,0x00,0x00,0x00,0x00,0x00,0x00,0x00,0x00,0x00,0x00,0x00,0x00,0x00,0x00,0x00,
    0x00,0x00,0x00,0x00,0x00,0x00,0x00,0x00,0x00,0x00,0x00,0x00,0x00,0x00,0x00,0x00,
    0x00,0x00,0x00,0x00,0x00,0x00,0x00,0x00,0x00,0x00,0x00,0x00,0x00,0x00,0x00,0x00,
    0x00,0x00,0x00,0x00,0x00,0x00,0x00,0x00,0x00,0x00,0x00,0x00,0x00,0x00,0x00,0x00,
    0x00,0x00,0x00,0x00,0x00,0x00,0x00,0x00,0x00,0x00,0x00,0x00,0x00,0x00,0x00,0x00,
    0x00,0x00,0x00,0x00,0x00,0x00,0x00,0x00,0x00,0x00,0x00,0x00,0x00,0x00,0x00,0x00,
    0x00,0x00,0x00,0x00,0x00,0x00,0x00,0x00,0x00,0x00,0x00,0x00,0x00,0x00,0x00,0x00,
    0x00,0x00,0x00,0x00,0x00,0x00,0x00,0x00,0x00,0x00,0x00,0x00,0x00,0x00,0x00,0x00,
    0x00,0x00,0x00,0x00,0x00,0x00,0x00,0x00,0x00,0x00,0x00,0x00,0x00,0x00,0x00,0x00,
    0x00,0x00,0x00,0x00,0x00,0x00,0x00,0x00,0x00,0x00,0x00,0x00,0x00,0x00,0x00,0x00,
    0x00,0x00,0x00,0x00,0x00,0x00,0x00,0x00,0x00,0x00,0x00,0x00,0x00,0x00,0x00,0x00,
    0x00,0x00,0x00,0x00,0x00,0x00,0x00,0x00,0x00,0x00,0x00,0x00,0x00,0x00,0x00,0x00,
    0x00,0x00,0x00,0x00,0x00,0x00,0x00,0x00,0x00,0x00,0x00,0x00,0x00,0x00,0x00,0x00,
    0x00,0x00,0x00,0x00,0x00,0x00,0x00,0x00,0x00,0x00,0x00,0x00,0x00,0x00,0x00,0x00,
    0x00,0x00,0x00,0x00,0x00,0x00,0x00,0x00,0x00,0x00,0x00,0x00,0x00,0x00,0x00,0x00,
    0x00,0x00,0x00,0x00,0x00,0x00,0x00,0x00,0x00,0x00,0x00,0x00,0x00,0x00,0x00,0x00,
    0x00,0x00,0x00,0x00,0x00,0x00,0x00,0x00,0x00,0x00,0x00,0x00,0x00,0x00,0x00,0x00,
    0x00,0x00,0x00,0x00,0x00,0x00,0x00,0x00,0x00,0x00,0x00,0x00,0x00,0x00,0x00,0x00,
    0x00,0x00,0x00,0x00,0x00,0x00,0x00,0x00,0x00,0x00,0x00,0x00,0x00,0x00,0x00,0x00,
    0x00,0x00,0x00,0x00,0x00,0x00,0x00,0x00,0x00,0x00,0x00,0x00,0x00,0x00,0x00,0x00,
    0x00,0x00,0x00,0x00,0x00,0x00,0x00,0x00,0x00,0x00,0x00,0x00,0x00,0x00,0x00,0x00,
    0x00,0x00,0x00,0x00,0x00,0x00,0x00,0x00,0x00,0x00,0x00,0x00,0x00,0x00,0x00,0x00,
    0x00,0x00,0x00,0x00,0x00,0x00,0x00,0x00,0x00,0x00,0x00,0x00,0x00,0x00,0x00,0x00,
    0x00,0x00,0x00,0x00,0x00,0x00,0x00,0x00,0x00,0x00,0x00,0x00,0x00,0x00,0x00,0x00,
    0x00,0x00,0x00,0x00,0x00,0x00,0x00,0x00,0x00,0x00,0x00,0x00,0x00,0x00,0x00,0x00,
    0x00,0x00,0x00,0x00,0x00,0x00,0x00,0x00,0x00,0x00,0x00,0x00,0x00,0x00,0x00,0x00,
    0x00,0x00,0x00,0x00,0x00,0x00,0x00,0x00,0x00,0x00,0x00,0x00,0x00,0x00,0x00,0x00,
    0x00,0x00,0x00,0x00,0x00,0x00,0x00,0x00,0x00,0x00,0x00,0x00,0x00,0x00,0x00,0x00,
    0x00,0x00,0x00,0x00,0x00,0x00,0x00,0x00,0x00,0x00,0x00,0x00,0x00,0x00,0x00,0x00,
    0x00,0x00,0x00,0x00,0x00,0x00,0x00,0x00,0x00,0x00,0x00,0x00,0x00,0x00,0x00,0x00,
    0x00,0x00,0x00,0x00,0x00,0x00,0x00,0x00,0x00,0x00,0x00,0x00,0x00,0x00,0x00,0x00,
    0x00,0x00,0x00,0x00,0x00,0x00,0x00,0x00,0x00,0x00,0x00,0x00,0x00,0x00,0x00,0x00,
    0x00,0x00,0x00,0x00,0x00,0x00,0x00,0x00,0x00,0x00,0x00,0x00,0x00,0x00,0x00,0x00,
    0x00,0x00,0x00,0x00,0x00,0x00,0x00,0x00,0x00,0x00,0x00,0x00,0x00,0x00,0x00,0x00,
    0x00,0x00,0x00,0x00,0x00,0x00,0x00,0x00,0x00,0x00,0x00,0x00,0x00,0x00,0x00,0x00,
    0x00,0x00,0x00,0x00,0x00,0x00,0x00,0x00,0x00,0x00,0x00,0x00,0x00,0x00,0x00,0x00,
    0x00,0x00,0x00,0x00,0x00,0x00,0x00,0x00,0x00,0x00,0x00,0x00,0x00,0x00,0x00,0x00,
    0x00,0x00,0x00,0x00,0x00,0x00,0x00,0x00,0x00,0x00,0x00,0x00,0x00,0x00,0x00,0x00,
    0x00,0x00,0x00,0x00,0x00,0x00,0x00,0x00,0x00,0x00,0x00,0x00,0x00,0x00,0x00,0x00,
    0x00,0x00,0x00,0x00,0x00,0x00,0x00,0x00,0x00,0x00,0x00,0x00,0x00,0x00,0x00,0x00,
    0x00,0x00,0x00,0x00,0x00,0x00,0x00,0x00,0x00,0x00,0x00,0x00,0x00,0x00,0x00,0x00,
    0x00,0x00,0x00,0x00,0x00,0x00,0x00,0x00,0x00,0x00,0x00,0x00,0x00,0x00,0x00,0x00,
    0x00,0x00,0x00,0x00,0x00,0x00,0x00,0x00,0x00,0x00,0x00,0x00,0x00,0x00,0x00,0x00,
    0x00,0x00,0x00,0x00,0x00,0x00,0x00,0x00,0x00,0x00,0x00,0x00,0x00,0x00,0x00,0x00,
    0x00,0x00,0x00,0x00,0x00,0x00,0x00,0x00,0x00,0x00,0x00,0x00,0x00,0x00,0x00,0x00,
    0x00,0x00,0x00,0x00,0x00,0x00,0x00,0x00,0x00,0x00,0x00,0x00,0x00,0x00,0x00,0x00,
    0x00,0x00,0x00,0x00,0x00,0x00,0x00,0x00,0x00,0x00,0x00,0x00,0x00,0x00,0x00,0x00,
    0x00,0x00,0x00,0x00,0x00,0x00,0x00,0x00,0x00,0x00,0x00,0x00,0x00,0x00,0x00,0x00,
    0x00,0x00,0x00,0x00,0x00,0x00,0x00,0x00,0x00,0x00,0x00,0x00,0x00,0x00,0x00,0x00,
    0x00,0x00,0x00,0x00,0x00,0x00,0x00,0x00,0x00,0x00,0x00,0x00,0x00,0x00,0x00,0x00,
    0x00,0x00,0x00,0x00,0x00,0x00,0x00,0x00,0x00,0x00,0x00,0x00,0x00,0x00,0x00,0x00,
    0x00,0x00,0x00,0x00,0x00,0x00,0x00,0x00,0x00,0x00,0x00,0x00,0x00,0x00,0x00,0x00,
    0x00,0x00,0x00,0x00,0x00,0x00,0x00,0x00,0x00,0x00,0x00,0x00,0x00,0x00,0x00,0x00,
    0x00,0x00,0x00,0x00,0x00,0x00,0x00,0x00,0x00,0x00,0x00,0x00,0x00,0x00,0x00,0x00,
    0x00,0x00,0x00,0x00,0x00,0x00,0x00,0x00,0x00,0x00,0x00,0x00,0x00,0x00,0x00,0x00,
    0x00,0x00,0x00,0x00,0x00,0x00,0x00,0x00,0x00,0x00,0x00,0x00,0x00,0x00,0x00,0x00,
    0x00,0x00,0x00,0x00,0x00,0x00,0x00,0x00,0x00,0x00,0x00,0x00,0x00,0x00,0x00,0x00,
    0x00,0x00,0x00,0x00,0x00,0x00,0x00,0x00,0x00,0x00,0x00,0x00,0x00,0x00,0x00,0x00,
    0x00,0x00,0x00,0x00,0x00,0x00,0x00,0x00,0x00,0x00,0x00,0x00,0x00,0x00,0x00,0x00,
    0x00,0x00,0x00,0x00,0x00,0x00,0x00,0x00,0x00,0x00,0x00,0x00,0x00,0x00,0x00,0x00,
    0x00,0x00,0x00,0x00,0x00,0x00,0x00,0x00,0x00,0x00,0x00,0x00,0x00,0x00,0x00,0x00,
    0x00,0x00,0x00,0x00,0x00,0x00,0x00,0x00,0x00,0x00,0x00,0x00,0x00,0x00,0x00,0x00,
    0x00,0x00,0x00,0x00,0x00,0x00,0x00,0x00,0x00,0x00,0x00,0x00,0x00,0x00,0x00,0x00,
    0x00,0x00,0x00,0x00,0x00,0x00,0x00,0x00,0x00,0x00,0x00,0x00,0x00,0x00,0x00,0x00,
    0x00,0x00,0x00,0x00,0x00,0x00,0x00,0x00,0x00,0x00,0x00,0x00,0x00,0x00,0x00,0x00,
    0x00,0x00,0x00,0x00,0x00,0x00,0x00,0x00,0x00,0x00,0x00,0x00,0x00,0x00,0x00,0x00,
    0x00,0x00,0x00,0x00,0x00,0x00,0x00,0x00,0x00,0x00,0x00,0x00,0x00,0x00,0x00,0x00,
    0x00,0x00,0x00,0x00,0x00,0x00,0x00,0x00,0x00,0x00,0x00,0x00,0x00,0x00,0x00,0x00,
    0x00,0x00,0x00,0x00,0x00,0x00,0x00,0x00,0x00,0x00,0x00,0x00,0x00,0x00,0x00,0x00,
    0x00,0x00,0x00,0x00,0x00,0x00,0x00,0x00,0x00,0x00,0x00,0x00,0x00,0x00,0x00,0x00,
    0x00,0x00,0x00,0x00,0x00,0x00,0x00,0x00,0x00,0x00,0x00,0x00,0x00,0x00,0x00,0x00,
    0x00,0x00,0x00,0x00,0x00,0x00,0x00,0x00,0x00,0x00,0x00,0x00,0x00,0x00,0x00,0x00,
    0x00,0x00,0x00,0x00,0x00,0x00,0x00,0x00,0x00,0x00,0x00,0x00,0x00,0x00,0x00,0x00,
    0x00,0x00,0x00,0x00,0x00,0x00,0x00,0x00,0x00,0x00,0x00,0x00,0x00,0x00,0x00,0x00,
    0x00,0x00,0x00,0x00,0x00,0x00,0x00,0x00,0x00,0x00,0x00,0x00,0x00,0x00,0x00,0x00,
    0x00,0x00,0x00,0x00,0x00,0x00,0x00,0x00,0x00,0x00,0x00,0x00,0x00,0x00,0x00,0x00,
    0x00,0x00,0x00,0x00,0x00,0x00,0x00,0x00,0x00,0x00,0x00,0x00,0x00,0x00,0x00,0x00,
    0x00,0x00,0x00,0x00,0x00,0x00,0x00,0x00,0x00,0x00,0x00,0x00,0x00,0x00,0x00,0x00,
    0x00,0x00,0x00,0x00,0x00,0x00,0x00,0x00,0x00,0x00,0x00,0x00,0x00,0x00,0x00,0x00,
    0x00,0x00,0x00,0x00,0x00,0x00,0x00,0x00,0x00,0x00,0x00,0x00,0x00,0x00,0x00,0x00,
    0x00,0x00,0x00,0x00,0x00,0x00,0x00,0x00,0x00,0x00,0x00,0x00,0x00,0x00,0x00,0x00,
    0x00,0x00,0x00,0x00,0x00,0x00,0x00,0x00,0x00,0x00,0x00,0x00,0x00,0x00,0x00,0x00,
    0x00,0x00,0x00,0x00,0x00,0x00,0x00,0x00,0x00,0x00,0x00,0x00,0x00,0x00,0x00,0x00,
    0x00,0x00,0x00,0x00,0x00,0x00,0x00,0x00,0x00,0x00,0x00,0x00,0x00,0x00,0x00,0x00,
    0x00,0x00,0x00,0x00,0x00,0x00,0x00,0x00,0x00,0x00,0x00,0x00,0x00,0x00,0x00,0x00,
    0x00,0x00,0x00,0x00,0x00,0x00,0x00,0x00,0x00,0x00,0x00,0x00,0x00,0x00,0x00,0x00,
    0x00,0x00,0x00,0x00,0x00,0x00,0x00,0x00,0x00,0x00,0x00,0x00,0x00,0x00,0x00,0x00,
    0x00,0x00,0x00,0x00,0x00,0x00,0x00,0x00,0x00,0x00,0x00,0x00,0x00,0x00,0x00,0x00,
    0x00,0x00,0x00,0x00,0x00,0x00,0x00,0x00,0x00,0x00,0x00,0x00,0x00,0x00,0x00,0x00,
    0x00,0x00,0x00,0x00,0x00,0x00,0x00,0x00,0x00,0x00,0x00,0x00,0x00,0x00,0x00,0x00,
    0x00,0x00,0x00,0x00,0x00,0x00,0x00,0x00,0x00,0x00,0x00,0x00,0x00,0x00,0x00,0x00,
    0x00,0x00,0x00,0x00,0x00,0x00,0x00,0x00,0x00,0x00,0x00,0x00,0x00,0x00,0x00,0x00,
    0x00,0x00,0x00,0x00,0x00,0x00,0x00,0x00,0x00,0x00,0x00,0x00,0x00,0x00,0x00,0x00,
    0x00,0x00,0x00,0x00,0x00,0x00,0x00,0x00,0x00,0x00,0x00,0x00,0x00,0x00,0x00,0x00,
    0x00,0x00,0x00,0x00,0x00,0x00,0x00,0x00,0x00,0x00,0x00,0x00,0x00,0x00,0x00,0x00,
    0x00,0x00,0x00,0x00,0x00,0x00,0x00,0x00,0x00,0x00,0x00,0x00,0x00,0x00,0x00,0x00,
    0x00,0x00,0x00,0x00,0x00,0x00,0x00,0x00,0x00,0x00,0x00,0x00,0x00,0x00,0x00,0x00,
    0x00,0x00,0x00,0x00,0x00,0x00,0x00,0x00,0x00,0x00,0x00,0x00,0x00,0x00,0x00,0x00,
    0x00,0x00,0x00,0x00,0x00,0x00,0x00,0x00,0x00,0x00,0x00,0x00,0x00,0x00,0x00,0x00,
    0x00,0x00,0x00,0x00,0x00,0x00,0x00,0x00,0x00,0x00,0x00,0x00,0x00,0x00,0x00,0x00,
    0x00,0x00,0x00,0x00,0x00,0x00,0x00,0x00,0x00,0x00,0x00,0x00,0x00,0x00,0x00,0x00,
    0x00,0x00,0x00,0x00,0x00,0x00,0x00,0x00,0x00,0x00,0x00,0x00,0x00,0x00,0x00,0x00,
    0x00,0x00,0x00,0x00,0x00,0x00,0x00,0x00,0x00,0x00,0x00,0x00,0x00,0x00,0x00,0x00,
    0x00,0x00,0x00,0x00,0x00,0x00,0x00,0x00,0x00,0x00,0x00,0x00,0x00,0x00,0x00,0x00,
    0x00,0x00,0x00,0x00,0x00,0x00,0x00,0x00,0x00,0x00,0x00,0x00,0x00,0x00,0x00,0x00,
    0x00,0x00,0x00,0x00,0x00,0x00,0x00,0x00,0x00,0x00,0x00,0x00,0x00,0x00,0x00,0x00,
    0x00,0x00,0x00,0x00,0x00,0x00,0x00,0x00,0x00,0x00,0x00,0x00,0x00,0x00,0x00,0x00,
    0x00,0x00,0x00,0x00,0x00,0x00,0x00,0x00,0x00,0x00,0x00,0x00,0x00,0x00,0x00,0x00,
    0x00,0x00,0x00,0x00,0x00,0x00,0x00,0x00,0x00,0x00,0x00,0x00,0x00,0x00,0x00,0x00,
    0x00,0x00,0x00,0x00,0x00,0x00,0x00,0x00,0x00,0x00,0x00,0x00,0x00,0x00,0x00,0x00,
    0x00,0x00,0x00,0x00,0x00,0x00,0x00,0x00,0x00,0x00,0x00,0x00,0x00,0x00,0x00,0x00,
    0x00,0x00,0x00,0x00,0x00,0x00,0x00,0x00,0x00,0x00,0x00,0x00,0x00,0x00,0x00,0x00,
    0x00,0x00,0x00,0x00,0x00,0x00,0x00,0x00,0x00,0x00,0x00,0x00,0x00,0x00,0x00,0x00,
    0x00,0x00,0x00,0x00,0x00,0x00,0x00,0x00,0x00,0x00,0x00,0x00,0x00,0x00,0x00,0x00,
    0x00,0x00,0x00,0x00,0x00,0x00,0x00,0x00,0x00,0x00,0x00,0x00,0x00,0x00,0x00,0x00,
    0x00,0x00,0x00,0x00,0x00,0x00,0x00,0x00,0x00,0x00,0x00,0x00,0x00,0x00,0x00,0x00,
    0x00,0x00,0x00,0x00,0x00,0x00,0x00,0x00,0x00,0x00,0x00,0x00,0x00,0x00,0x00,0x00,
    0x00,0x00,0x00,0x00,0x00,0x00,0x00,0x00,0x00,0x00,0x00,0x00,0x00,0x00,0x00,0x00,
    0x00,0x00,0x00,0x00,0x00,0x00,0x00,0x00,0x00,0x00,0x00,0x00,0x00,0x00,0x00,0x00,
    0x00,0x00,0x00,0x00,0x00,0x00,0x00,0x00,0x00,0x00,0x00,0x00,0x00,0x00,0x00,0x00,
    0x00,0x00,0x00,0x00,0x00,0x00,0x00,0x00,0x00,0x00,0x00,0x00,0x00,0x00,0x00,0x00,
    0x00,0x00,0x00,0x00,0x00,0x00,0x00,0x00,0x00,0x00,0x00,0x00,0x00,0x00,0x00,0x00,
    0x00,0x00,0x00,0x00,0x00,0x00,0x00,0x00,0x00,0x00,0x00,0x00,0x00,0x00,0x00,0x00,
    0x00,0x00,0x00,0x00,0x00,0x00,0x00,0x00,0x00,0x00,0x00,0x00,0x00,0x00,0x00,0x00,
    0x00,0x00,0x00,0x00,0x00,0x00,0x00,0x00,0x00,0x00,0x00,0x00,0x00,0x00,0x00,0x00,
    0x00,0x00,0x00,0x00,0x00,0x00,0x00,0x00,0x00,0x00,0x00,0x00,0x00,0x00,0x00,0x00,
    0x00,0x00,0x00,0x00,0x00,0x00,0x00,0x00,0x00,0x00,0x00,0x00,0x00,0x00,0x00,0x00,
    0x00,0x00,0x00,0x00,0x00,0x00,0x00,0x00,0x00,0x00,0x00,0x00,0x00,0x00,0x00,0x00,
    0x00,0x00,0x00,0x00,0x00,0x00,0x00,0x00,0x00,0x00,0x00,0x00,0x00,0x00,0x00,0x00,
    0x00,0x00,0x00,0x00,0x00,0x00,0x00,0x00,0x00,0x00,0x00,0x00,0x00,0x00,0x00,0x00,
    0x00,0x00,0x00,0x00,0x00,0x00,0x00,0x00,0x00,0x00,0x00,0x00,0x00,0x00,0x00,0x00,
    0x00,0x00,0x00,0x00,0x00,0x00,0x00,0x00,0x00,0x00,0x00,0x00,0x00,0x00,0x00,0x00,
    0x00,0x00,0x00,0x00,0x00,0x00,0x00,0x00,0x00,0x00,0x00,0x00,0x00,0x00,0x00,0x00,
    0x00,0x00,0x00,0x00,0x00,0x00,0x00,0x00,0x00,0x00,0x00,0x00,0x00,0x00,0x00,0x00,
    0x00,0x00,0x00,0x00,0x00,0x00,0x00,0x00,0x00,0x00,0x00,0x00,0x00,0x00,0x00,0x00,
    0x00,0x00,0x00,0x00,0x00,0x00,0x00,0x00,0x00,0x00,0x00,0x00,0x00,0x00,0x00,0x00,
    0x00,0x00,0x00,0x00,0x00,0x00,0x00,0x00,0x00,0x00,0x00,0x00,0x00,0x00,0x00,0x00,
    0x00,0x00,0x00,0x00,0x00,0x00,0x00,0x00,0x00,0x00,0x00,0x00,0x00,0x00,0x00,0x00,
    0x00,0x00,0x00,0x00,0x00,0x00,0x00,0x00,0x00,0x00,0x00,0x00,0x00,0x00,0x00,0x00,
    0x00,0x00,0x00,0x00,0x00,0x00,0x00,0x00,0x00,0x00,0x00,0x00,0x00,0x00,0x00,0x00,
    0x00,0x00,0x00,0x00,0x00,0x00,0x00,0x00,0x00,0x00,0x00,0x00,0x00,0x00,0x00,0x00,
    0x00,0x00,0x00,0x00,0x00,0x00,0x00,0x00,0x00,0x00,0x00,0x00,0x00,0x00,0x00,0x00,
    0x00,0x00,0x00,0x00,0x00,0x00,0x00,0x00,0x00,0x00,0x00,0x00,0x00,0x00,0x00,0x00,
    0x00,0x00,0x00,0x00,0x00,0x00,0x00,0x00,0x00,0x00,0x00,0x00,0x00,0x00,0x00,0x00,
    0x00,0x00,0x00,0x00,0x00,0x00,0x00,0x00,0x00,0x00,0x00,0x00,0x00,0x00,0x00,0x00,
    0x00,0x00,0x00,0x00,0x00,0x00,0x00,0x00,0x00,0x00,0x00,0x00,0x00,0x00,0x00,0x00,
    0x00,0x00,0x00,0x00,0x00,0x00,0x00,0x00,0x00,0x00,0x00,0x00,0x00,0x00,0x00,0x00,
    0x00,0x00,0x00,0x00,0x00,0x00,0x00,0x00,0x00,0x00,0x00,0x00,0x00,0x00,0x00,0x00,
    0x00,0x00,0x00,0x00,0x00,0x00,0x00,0x00,0x00,0x00,0x00,0x00,0x00,0x00,0x00,0x00,
    0x00,0x00,0x00,0x00,0x00,0x00,0x00,0x00,0x00,0x00,0x00,0x00,0x00,0x00,0x00,0x00,
    0x00,0x00,0x00,0x00,0x00,0x00,0x00,0x00,0x00,0x00,0x00,0x00,0x00,0x00,0x00,0x00,
    0x00,0x00,0x00,0x00,0x00,0x00,0x00,0x00,0x00,0x00,0x00,0x00,0x00,0x00,0x00,0x00,
    0x00,0x00,0x00,0x00,0x00,0x00,0x00,0x00,0x00,0x00,0x00,0x00,0x00,0x00,0x00,0x00,
    0x00,0x00,0x00,0x00,0x00,0x00,0x00,0x00,0x00,0x00,0x00,0x00,0x00,0x00,0x00,0x00,
    0x00,0x00,0x00,0x00,0x00,0x00,0x00,0x00,0x00,0x00,0x00,0x00,0x00,0x00,0x00,0x00,
    0x00,0x00,0x00,0x00,0x00,0x00,0x00,0x00,0x00,0x00,0x00,0x00,0x00,0x00,0x00,0x00,
    0x00,0x00,0x00,0x00,0x00,0x00,0x00,0x00,0x00,0x00,0x00,0x00,0x00,0x00,0x00,0x00,
    0x00,0x00,0x00,0x00,0x00,0x00,0x00,0x00,0x00,0x00,0x00,0x00,0x00,0x00,0x00,0x00,
    0x00,0x00,0x00,0x00,0x00,0x00,0x00,0x00,0x00,0x00,0x00,0x00,0x00,0x00,0x00,0x00,
    0x00,0x00,0x00,0x00,0x00,0x00,0x00,0x00,0x00,0x00,0x00,0x00,0x00,0x00,0x00,0x00,
    0x00,0x00,0x00,0x00,0x00,0x00,0x00,0x00,0x00,0x00,0x00,0x00,0x00,0x00,0x00,0x00,
    0x00,0x00,0x00,0x00,0x00,0x00,0x00,0x00,0x00,0x00,0x00,0x00,0x00,0x00,0x00,0x00,
    0x00,0x00,0x00,0x00,0x00,0x00,0x00,0x00,0x00,0x00,0x00,0x00,0x00,0x00,0x00,0x00,
    0x00,0x00,0x00,0x00,0x00,0x00,0x00,0x00,0x00,0x00,0x00,0x00,0x00,0x00,0x00,0x00,
    0x00,0x00,0x00,0x00,0x00,0x00,0x00,0x00,0x00,0x00,0x00,0x00,0x00,0x00,0x00,0x00,
    0x00,0x00,0x00,0x00,0x00,0x00,0x00,0x00,0x00,0x00,0x00,0x00,0x00,0x00,0x00,0x00,
    0x00,0x00,0x00,0x00,0x00,0x00,0x00,0x00,0x00,0x00,0x00,0x00,0x00,0x00,0x00,0x00,
    0x00,0x00,0x00,0x00,0x00,0x00,0x00,0x00,0x00,0x00,0x00,0x00,0x00,0x00,0x00,0x00,
    0x00,0x00,0x00,0x00,0x00,0x00,0x00,0x00,0x00,0x00,0x00,0x00,0x00,0x00,0x00,0x00,
    0x00,0x00,0x00,0x00,0x00,0x00,0x00,0x00,0x00,0x00,0x00,0x00,0x00,0x00,0x00,0x00,
    0x00,0x00,0x00,0x00,0x00,0x00,0x00,0x00,0x00,0x00,0x00,0x00,0x00,0x00,0x00,0x00,
    0x00,0x00,0x00,0x00,0x00,0x00,0x00,0x00,0x00,0x00,0x00,0x00,0x00,0x00,0x00,0x00,
    0x00,0x00,0x00,0x00,0x00,0x00,0x00,0x00,0x00,0x00,0x00,0x00,0x00,0x00,0x00,0x00,
    0x00,0x00,0x00,0x00,0x00,0x00,0x00,0x00,0x00,0x00,0x00,0x00,0x00,0x00,0x00,0x00,
    0x00,0x00,0x00,0x00,0x00,0x00,0x00,0x00,0x00,0x00,0x00,0x00,0x00,0x00,0x00,0x00,
    0x00,0x00,0x00,0x00,0x00,0x00,0x00,0x00,0x00,0x00,0x00,0x00,0x00,0x00,0x00,0x00,
    0x00,0x00,0x00,0x00,0x00,0x00,0x00,0x00,0x00,0x00,0x00,0x00,0x00,0x00,0x00,0x00,
    0x00,0x00,0x00,0x00,0x00,0x00,0x00,0x00,0x00,0x00,0x00,0x00,0x00,0x00,0x00,0x00,
    0x00,0x00,0x00,0x00,0x00,0x00,0x00,0x00,0x00,0x00,0x00,0x00,0x00,0x00,0x00,0x00,
    0x00,0x00,0x00,0x00,0x00,0x00,0x00,0x00,0x00,0x00,0x00,0x00,0x00,0x00,0x00,0x00,
    0x00,0x00,0x00,0x00,0x00,0x00,0x00,0x00,0x00,0x00,0x00,0x00,0x00,0x00,0x00,0x00,
    0x00,0x00,0x00,0x00,0x00,0x00,0x00,0x00,0x00,0x00,0x00,0x00,0x00,0x00,0x00,0x00,
    0x00,0x00,0x00,0x00,0x00,0x00,0x00,0x00,0x00,0x00,0x00,0x00,0x00,0x00,0x00,0x00,
    0x00,0x00,0x00,0x00,0x00,0x00,0x00,0x00,0x00,0x00,0x00,0x00,0x00,0x00,0x00,0x00,
    0x00,0x00,0x00,0x00,0x00,0x00,0x00,0x00,0x00,0x00,0x00,0x00,0x00,0x00,0x00,0x00,
    0x00,0x00,0x00,0x00,0x00,0x00,0x00,0x00,0x00,0x00,0x00,0x00,0x00,0x00,0x00,0x00,
    0x00,0x00,0x00,0x00,0x00,0x00,0x00,0x00,0x00,0x00,0x00,0x00,0x00,0x00,0x00,0x00,
    0x00,0x00,0x00,0x00,0x00,0x00,0x00,0x00,0x00,0x00,0x00,0x00,0x00,0x00,0x00,0x00,
    0x00,0x00,0x00,0x00,0x00,0x00,0x00,0x00,0x00,0x00,0x00,0x00,0x00,0x00,0x00,0x00,
    0x00,0x00,0x00,0x00,0x00,0x00,0x00,0x00,0x00,0x00,0x00,0x00,0x00,0x00,0x00,0x00,
    0x00,0x00,0x00,0x00,0x00,0x00,0x00,0x00,0x00,0x00,0x00,0x00,0x00,0x00,0x00,0x00,
    0x00,0x00,0x00,0x00,0x00,0x00,0x00,0x00,0x00,0x00,0x00,0x00,0x00,0x00,0x00,0x00,
    0x00,0x00,0x00,0x00,0x00,0x00,0x00,0x00,0x00,0x00,0x00,0x00,0x00,0x00,0x00,0x00,
    0x00,0x00,0x00,0x00,0x00,0x00,0x00,0x00,0x00,0x00,0x00,0x00,0x00,0x00,0x00,0x00,
    0x00,0x00,0x00,0x00,0x00,0x00,0x00,0x00,0x00,0x00,0x00,0x00,0x00,0x00,0x00,0x00,
    0x00,0x00,0x00,0x00,0x00,0x00,0x00,0x00,0x00,0x00,0x00,0x00,0x00,0x00,0x00,0x00,
    0x00,0x00,0x00,0x00,0x00,0x00,0x00,0x00,0x00,0x00,0x00,0x00,0x00,0x00,0x00,0x00,
    0x00,0x00,0x00,0x00,0x00,0x00,0x00,0x00,0x00,0x00,0x00,0x00,0x00,0x00,0x00,0x00,
    0x00,0x00,0x00,0x00,0x00,0x00,0x00,0x00,0x00,0x00,0x00,0x00,0x00,0x00,0x00,0x00,
    0x00,0x00,0x00,0x00,0x00,0x00,0x00,0x00,0x00,0x00,0x00,0x00,0x00,0x00,0x00,0x00,
    0x00,0x00,0x00,0x00,0x00,0x00,0x00,0x00,0x00,0x00,0x00,0x00,0x00,0x00,0x00,0x00,
    0x00,0x00,0x00,0x00,0x00,0x00,0x00,0x00,0x00,0x00,0x00,0x00,0x00,0x00,0x00,0x00,
    0x00,0x00,0x00,0x00,0x00,0x00,0x00,0x00,0x00,0x00,0x00,0x00,0x00,0x00,0x00,0x00,
    0x00,0x00,0x00,0x00,0x00,0x00,0x00,0x00,0x00,0x00,0x00,0x00,0x00,0x00,0x00,0x00,
    0x00,0x00,0x00,0x00,0x00,0x00,0x00,0x00,0x00,0x00,0x00,0x00,0x00,0x00,0x00,0x00,
    0x00,0x00,0x00,0x00,0x00,0x00,0x00,0x00,0x00,0x00,0x00,0x00,0x00,0x00,0x00,0x00,
    0x00,0x00,0x00,0x00,0x00,0x00,0x00,0x00,0x00,0x00,0x00,0x00,0x00,0x00,0x00,0x00,
    0x00,0x00,0x00,0x00,0x00,0x00,0x00,0x00,0x00,0x00,0x00,0x00,0x00,0x00,0x00,0x00,
    0x00,0x00,0x00,0x00,0x00,0x00,0x00,0x00,0x00,0x00,0x00,0x00,0x00,0x00,0x00,0x00,
    0x00,0x00,0x00,0x00,0x00,0x00,0x00,0x00,0x00,0x00,0x00,0x00,0x00,0x00,0x00,0x00,
    0x00,0x00,0x00,0x00,0x00,0x00,0x00,0x00,0x00,0x00,0x00,0x00,0x00,0x00,0x00,0x00,
    0x00,0x00,0x00,0x00,0x00,0x00,0x00,0x00,0x00,0x00,0x00,0x00,0x00,0x00,0x00,0x00,
    0x00,0x00,0x00,0x00,0x00,0x00,0x00,0x00,0x00,0x00,0x00,0x00,0x00,0x00,0x00,0x00,
    0x00,0x00,0x00,0x00,0x00,0x00,0x00,0x00,0x00,0x00,0x00,0x00,0x00,0x00,0x00,0x00,
    0x00,0x00,0x00,0x00,0x00,0x00,0x00,0x00,0x00,0x00,0x00,0x00,0x00,0x00,0x00,0x00,
    0x00,0x00,0x00,0x00,0x00,0x00,0x00,0x00,0x00,0x00,0x00,0x00,0x00,0x00,0x00,0x00,
    0x00,0x00,0x00,0x00,0x00,0x00,0x00,0x00,0x00,0x00,0x00,0x00,0x00,0x00,0x00,0x00,
    0x00,0x00,0x00,0x00,0x00,0x00,0x00,0x00,0x00,0x00,0x00,0x00,0x00,0x00,0x00,0x00,
    0x00,0x00,0x00,0x00,0x00,0x00,0x00,0x00,0x00,0x00,0x00,0x00,0x00,0x00,0x00,0x00,
    0x00,0x00,0x00,0x00,0x00,0x00,0x00,0x00,0x00,0x00,0x00,0x00,0x00,0x00,0x00,0x00,
    0x00,0x00,0x00,0x00,0x00,0x00,0x00,0x00,0x00,0x00,0x00,0x00,0x00,0x00,0x00,0x00,
    0x00,0x00,0x00,0x00,0x00,0x00,0x00,0x00,0x00,0x00,0x00,0x00,0x00,0x00,0x00,0x00,
    0x00,0x00,0x00,0x00,0x00,0x00,0x00,0x00,0x00,0x00,0x00,0x00,0x00,0x00,0x00,0x00,
    0x00,0x00,0x00,0x00,0x00,0x00,0x00,0x00,0x00,0x00,0x00,0x00,0x00,0x00,0x00,0x00,
    0x00,0x00,0x00,0x00,0x00,0x00,0x00,0x00,0x00,0x00,0x00,0x00,0x00,0x00,0x00,0x00,
    0x00,0x00,0x00,0x00,0x00,0x00,0x00,0x00,0x00,0x00,0x00,0x00,0x00,0x00,0x00,0x00,
    0x00,0x00,0x00,0x00,0x00,0x00,0x00,0x00,0x00,0x00,0x00,0x00,0x00,0x00,0x00,0x00,
    0x00,0x00,0x00,0x00,0x00,0x00,0x00,0x00,0x00,0x00,0x00,0x00,0x00,0x00,0x00,0x00,
    0x00,0x00,0x00,0x00,0x00,0x00,0x00,0x00,0x00,0x00,0x00,0x00,0x00,0x00,0x00,0x00,
    0x00,0x00,0x00,0x00,0x00,0x00,0x00,0x00,0x00,0x00,0x00,0x00,0x00,0x00,0x00,0x00,
    0x00,0x00,0x00,0x00,0x00,0x00,0x00,0x00,0x00,0x00,0x00,0x00,0x00,0x00,0x00,0x00,
    0x00,0x00,0x00,0x00,0x00,0x00,0x00,0x00,0x00,0x00,0x00,0x00,0x00,0x00,0x00,0x00,
    0x00,0x00,0x00,0x00,0x00,0x00,0x00,0x00,0x00,0x00,0x00,0x00,0x00,0x00,0x00,0x00,
    0x00,0x00,0x00,0x00,0x00,0x00,0x00,0x00,0x00,0x00,0x00,0x00,0x00,0x00,0x00,0x00,
    0x00,0x00,0x00,0x00,0x00,0x00,0x00,0x00,0x00,0x00,0x00,0x00,0x00,0x00,0x00,0x00,
    0x00,0x00,0x00,0x00,0x00,0x00,0x00,0x00,0x00,0x00,0x00,0x00,0x00,0x00,0x00,0x00,
    0x00,0x00,0x00,0x00,0x00,0x00,0x00,0x00,0x00,0x00,0x00,0x00,0x00,0x00,0x00,0x00,
    0x00,0x00,0x00,0x00,0x00,0x00,0x00,0x00,0x00,0x00,0x00,0x00,0x00,0x00,0x00,0x00,
    0x00,0x00,0x00,0x00,0x00,0x00,0x00,0x00,0x00,0x00,0x00,0x00,0x00,0x00,0x00,0x00,
    0x00,0x00,0x00,0x00,0x00,0x00,0x00,0x00,0x00,0x00,0x00,0x00,0x00,0x00,0x00,0x00,
    0x00,0x00,0x00,0x00,0x00,0x00,0x00,0x00,0x00,0x00,0x00,0x00,0x00,0x00,0x00,0x00,
    0x00,0x00,0x00,0x00,0x00,0x00,0x00,0x00,0x00,0x00,0x00,0x00,0x00,0x00,0x00,0x00,
    0x00,0x00,0x00,0x00,0x00,0x00,0x00,0x00,0x00,0x00,0x00,0x00,0x00,0x00,0x00,0x00,
    0x00,0x00,0x00,0x00,0x00,0x00,0x00,0x00,0x00,0x00,0x00,0x00,0x00,0x00,0x00,0x00,
    0x00,0x00,0x00,0x00,0x00,0x00,0x00,0x00,0x00,0x00,0x00,0x00,0x00,0x00,0x00,0x00,
    0x00,0x00,0x00,0x00,0x00,0x00,0x00,0x00,0x00,0x00,0x00,0x00,0x00,0x00,0x00,0x00,
    0x00,0x00,0x00,0x00,0x00,0x00,0x00,0x00,0x00,0x00,0x00,0x00,0x00,0x00,0x00,0x00,
    0x00,0x00,0x00,0x00,0x00,0x00,0x00,0x00,0x00,0x00,0x00,0x00,0x00,0x00,0x00,0x00,
    0x00,0x00,0x00,0x00,0x00,0x00,0x00,0x00,0x00,0x00,0x00,0x00,0x00,0x00,0x00,0x00,
    0x00,0x00,0x00,0x00,0x00,0x00,0x00,0x00,0x00,0x00,0x00,0x00,0x00,0x00,0x00,0x00,
    0x00,0x00,0x00,0x00,0x00,0x00,0x00,0x00,0x00,0x00,0x00,0x00,0x00,0x00,0x00,0x00,
    0x00,0x00,0x00,0x00,0x00,0x00,0x00,0x00,0x00,0x00,0x00,0x00,0x00,0x00,0x00,0x00,
    0x00,0x00,0x00,0x00,0x00,0x00,0x00,0x00,0x00,0x00,0x00,0x00,0x00,0x00,0x00,0x00,
    0x00,0x00,0x00,0x00,0x00,0x00,0x00,0x00,0x00,0x00,0x00,0x00,0x00,0x00,0x00,0x00,
    0x00,0x00,0x00,0x00,0x00,0x00,0x00,0x00,0x00,0x00,0x00,0x00,0x00,0x00,0x00,0x00,
    0x00,0x00,0x00,0x00,0x00,0x00,0x00,0x00,0x00,0x00,0x00,0x00,0x00,0x00,0x00,0x00,
    0x00,0x00,0x00,0x00,0x00,0x00,0x00,0x00,0x00,0x00,0x00,0x00,0x00,0x00,0x00,0x00,
    0x00,0x00,0x00,0x00,0x00,0x00,0x00,0x00,0x00,0x00,0x00,0x00,0x00,0x00,0x00,0x00,
    0x00,0x00,0x00,0x00,0x00,0x00,0x00,0x00,0x00,0x00,0x00,0x00,0x00,0x00,0x00,0x00,
    0x00,0x00,0x00,0x00,0x00,0x00,0x00,0x00,0x00,0x00,0x00,0x00,0x00,0x00,0x00,0x00,
    0x00,0x00,0x00,0x00,0x00,0x00,0x00,0x00,0x00,0x00,0x00,0x00,0x00,0x00,0x00,0x00,
    0x00,0x00,0x00,0x00,0x00,0x00,0x00,0x00,0x00,0x00,0x00,0x00,0x00,0x00,0x00,0x00,
    0x00,0x00,0x00,0x00,0x00,0x00,0x00,0x00,0x00,0x00,0x00,0x00,0x00,0x00,0x00,0x00,
    0x00,0x00,0x00,0x00,0x00,0x00,0x00,0x00,0x00,0x00,0x00,0x00,0x00,0x00,0x00,0x00,
    0x00,0x00,0x00,0x00,0x00,0x00,0x00,0x00,0x00,0x00,0x00,0x00,0x00,0x00,0x00,0x00,
    0x00,0x00,0x00,0x00,0x00,0x00,0x00,0x00,0x00,0x00,0x00,0x00,0x00,0x00,0x00,0x00,
    0x00,0x00,0x00,0x00,0x00,0x00,0x00,0x00,0x00,0x00,0x00,0x00,0x00,0x00,0x00,0x00,
    0x00,0x00,0x00,0x00,0x00,0x00,0x00,0x00,0x00,0x00,0x00,0x00,0x00,0x00,0x00,0x00,
    0x00,0x00,0x00,0x00,0x00,0x00,0x00,0x00,0x00,0x00,0x00,0x00,0x00,0x00,0x00,0x00,
    0x00,0x00,0x00,0x00,0x00,0x00,0x00,0x00,0x00,0x00,0x00,0x00,0x00,0x00,0x00,0x00,
    0x00,0x00,0x00,0x00,0x00,0x00,0x00,0x00,0x00,0x00,0x00,0x00,0x00,0x00,0x00,0x00,
    0x00,0x00,0x00,0x00,0x00,0x00,0x00,0x00,0x00,0x00,0x00,0x00,0x00,0x00,0x00,0x00,
    0x00,0x00,0x00,0x00,0x00,0x00,0x00,0x00,0x00,0x00,0x00,0x00,0x00,0x00,0x00,0x00,
    0x00,0x00,0x00,0x00,0x00,0x00,0x00,0x00,0x00,0x00,0x00,0x00,0x00,0x00,0x00,0x00,
    0x00,0x00,0x00,0x00,0x00,0x00,0x00,0x00,0x00,0x00,0x00,0x00,0x00,0x00,0x00,0x00,
    0x00,0x00,0x00,0x00,0x00,0x00,0x00,0x00,0x00,0x00,0x00,0x00,0x00,0x00,0x00,0x00,
    0x00,0x00,0x00,0x00,0x00,0x00,0x00,0x00,0x00,0x00,0x00,0x00,0x00,0x00,0x00,0x00,
    0x00,0x00,0x00,0x00,0x00,0x00,0x00,0x00,0x00,0x00,0x00,0x00,0x00,0x00,0x00,0x00,
    0x00,0x00,0x00,0x00,0x00,0x00,0x00,0x00,0x00,0x00,0x00,0x00,0x00,0x00,0x00,0x00,
    0x00,0x00,0x00,0x00,0x00,0x00,0x00,0x00,0x00,0x00,0x00,0x00,0x00,0x00,0x00,0x00,
    0x00,0x00,0x00,0x00,0x00,0x00,0x00,0x00,0x00,0x00,0x00,0x00,0x00,0x00,0x00,0x00,
    0x00,0x00,0x00,0x00,0x00,0x00,0x00,0x00,0x00,0x00,0x00,0x00,0x00,0x00,0x00,0x00,
    0x00,0x00,0x00,0x00,0x00,0x00,0x00,0x00,0x00,0x00,0x00,0x00,0x00,0x00,0x00,0x00,
    0x00,0x00,0x00,0x00,0x00,0x00,0x00,0x00,0x00,0x00,0x00,0x00,0x00,0x00,0x00,0x00,
    0x00,0x00,0x00,0x00,0x00,0x00,0x00,0x00,0x00,0x00,0x00,0x00,0x00,0x00,0x00,0x00,
    0x00,0x00,0x00,0x00,0x00,0x00,0x00,0x00,0x00,0x00,0x00,0x00,0x00,0x00,0x00,0x00,
    0x00,0x00,0x00,0x00,0x00,0x00,0x00,0x00,0x00,0x00,0x00,0x00,0x00,0x00,0x00,0x00,
    0x00,0x00,0x00,0x00,0x00,0x00,0x00,0x00,0x00,0x00,0x00,0x00,0x00,0x00,0x00,0x00,
    0x00,0x00,0x00,0x00,0x00,0x00,0x00,0x00,0x00,0x00,0x00,0x00,0x00,0x00,0x00,0x00,
    0x00,0x00,0x00,0x00,0x00,0x00,0x00,0x00,0x00,0x00,0x00,0x00,0x00,0x00,0x00,0x00,
    0x00,0x00,0x00,0x00,0x00,0x00,0x00,0x00,0x00,0x00,0x00,0x00,0x00,0x00,0x00,0x00,
    0x00,0x00,0x00,0x00,0x00,0x00,0x00,0x00,0x00,0x00,0x00,0x00,0x00,0x00,0x00,0x00,
    0x00,0x00,0x00,0x00,0x00,0x00,0x00,0x00,0x00,0x00,0x00,0x00,0x00,0x00,0x00,0x00,
    0x00,0x00,0x00,0x00,0x00,0x00,0x00,0x00,0x00,0x00,0x00,0x00,0x00,0x00,0x00,0x00,
    0x00,0x00,0x00,0x00,0x00,0x00,0x00,0x00,0x00,0x00,0x00,0x00,0x00,0x00,0x00,0x00,
    0x00,0x00,0x00,0x00,0x00,0x00,0x00,0x00,0x00,0x00,0x00,0x00,0x00,0x00,0x00,0x00,
    0x00,0x00,0x00,0x00,0x00,0x00,0x00,0x00,0x00,0x00,0x00,0x00,0x00,0x00,0x00,0x00,
    0x00,0x00,0x00,0x00,0x00,0x00,0x00,0x00,0x00,0x00,0x00,0x00,0x00,0x00,0x00,0x00,
    0x00,0x00,0x00,0x00,0x00,0x00,0x00,0x00,0x00,0x00,0x00,0x00,0x00,0x00,0x00,0x00,
    0x00,0x00,0x00,0x00,0x00,0x00,0x00,0x00,0x00,0x00,0x00,0x00,0x00,0x00,0x00,0x00,
    0x00,0x00,0x00,0x00,0x00,0x00,0x00,0x00,0x00,0x00,0x00,0x00,0x00,0x00,0x00,0x00,
    0x00,0x00,0x00,0x00,0x00,0x00,0x00,0x00,0x00,0x00,0x00,0x00,0x00,0x00,0x00,0x00,
    0x00,0x00,0x00,0x00,0x00,0x00,0x00,0x00,0x00,0x00,0x00,0x00,0x00,0x00,0x00,0x00,
    0x00,0x00,0x00,0x00,0x00,0x00,0x00,0x00,0x00,0x00,0x00,0x00,0x00,0x00,0x00,0x00,
    0x00,0x00,0x00,0x00,0x00,0x00,0x00,0x00,0x00,0x00,0x00,0x00,0x00,0x00,0x00,0x00,
    0x00,0x00,0x00,0x00,0x00,0x00,0x00,0x00,0x00,0x00,0x00,0x00,0x00,0x00,0x00,0x00,
    0x00,0x00,0x00,0x00,0x00,0x00,0x00,0x00,0x00,0x00,0x00,0x00,0x00,0x00,0x00,0x00,
    0x00,0x00,0x00,0x00,0x00,0x00,0x00,0x00,0x00,0x00,0x00,0x00,0x00,0x00,0x00,0x00,
    0x00,0x00,0x00,0x00,0x00,0x00,0x00,0x00,0x00,0x00,0x00,0x00,0x00,0x00,0x00,0x00,
    0x00,0x00,0x00,0x00,0x00,0x00,0x00,0x00,0x00,0x00,0x00,0x00,0x00,0x00,0x00,0x00,
    0x00,0x00,0x00,0x00,0x00,0x00,0x00,0x00,0x00,0x00,0x00,0x00,0x00,0x00,0x00,0x00,
    0x00,0x00,0x00,0x00,0x00,0x00,0x00,0x00,0x00,0x00,0x00,0x00,0x00,0x00,0x00,0x00,
    0x00,0x00,0x00,0x00,0x00,0x00,0x00,0x00,0x00,0x00,0x00,0x00,0x00,0x00,0x00,0x00,
    0x00,0x00,0x00,0x00,0x00,0x00,0x00,0x00,0x00,0x00,0x00,0x00,0x00,0x00,0x00,0x00,
    0x00,0x00,0x00,0x00,0x00,0x00,0x00,0x00,0x00,0x00,0x00,0x00,0x00,0x00,0x00,0x00,
    0x00,0x00,0x00,0x00,0x00,0x00,0x00,0x00,0x00,0x00,0x00,0x00,0x00,0x00,0x00,0x00,
    0x00,0x00,0x00,0x00,0x00,0x00,0x00,0x00,0x00,0x00,0x00,0x00,0x00,0x00,0x00,0x00,
    0x00,0x00,0x00,0x00,0x00,0x00,0x00,0x00,0x00,0x00,0x00,0x00,0x00,0x00,0x00,0x00,
    0x00,0x00,0x00,0x00,0x00,0x00,0x00,0x00,0x00,0x00,0x00,0x00,0x00,0x00,0x00,0x00,
    0x00,0x00,0x00,0x00,0x00,0x00,0x00,0x00,0x00,0x00,0x00,0x00,0x00,0x00,0x00,0x00,
    0x00,0x00,0x00,0x00,0x00,0x00,0x00,0x00,0x00,0x00,0x00,0x00,0x00,0x00,0x00,0x00,
    0x00,0x00,0x00,0x00,0x00,0x00,0x00,0x00,0x00,0x00,0x00,0x00,0x00,0x00,0x00,0x00,
    0x00,0x00,0x00,0x00,0x00,0x00,0x00,0x00,0x00,0x00,0x00,0x00,0x00,0x00,0x00,0x00,
    0x00,0x00,0x00,0x00,0x00,0x00,0x00,0x00,0x00,0x00,0x00,0x00,0x00,0x00,0x00,0x00,
    0x00,0x00,0x00,0x00,0x00,0x00,0x00,0x00,0x00,0x00,0x00,0x00,0x00,0x00,0x00,0x00,
    0x00,0x00,0x00,0x00,0x00,0x00,0x00,0x00,0x00,0x00,0x00,0x00,0x00,0x00,0x00,0x00,
    0x00,0x00,0x00,0x00,0x00,0x00,0x00,0x00,0x00,0x00,0x00,0x00,0x00,0x00,0x00,0x00,
    0x00,0x00,0x00,0x00,0x00,0x00,0x00,0x00,0x00,0x00,0x00,0x00,0x00,0x00,0x00,0x00,
    0x00,0x00,0x00,0x00,0x00,0x00,0x00,0x00,0x00,0x00,0x00,0x00,0x00,0x00,0x00,0x00,
    0x00,0x00,0x00,0x00,0x00,0x00,0x00,0x00,0x00,0x00,0x00,0x00,0x00,0x00,0x00,0x00,
    0x00,0x00,0x00,0x00,0x00,0x00,0x00,0x00,0x00,0x00,0x00,0x00,0x00,0x00,0x00,0x00,
    0x00,0x00,0x00,0x00,0x00,0x00,0x00,0x00,0x00,0x00,0x00,0x00,0x00,0x00,0x00,0x00,
    0x00,0x00,0x00,0x00,0x00,0x00,0x00,0x00,0x00,0x00,0x00,0x00,0x00,0x00,0x00,0x00,
    0x00,0x00,0x00,0x00,0x00,0x00,0x00,0x00,0x00,0x00,0x00,0x00,0x00,0x00,0x00,0x00,
    0x00,0x00,0x00,0x00,0x00,0x00,0x00,0x00,0x00,0x00,0x00,0x00,0x00,0x00,0x00,0x00,
    0x00,0x00,0x00,0x00,0x00,0x00,0x00,0x00,0x00,0x00,0x00,0x00,0x00,0x00,0x00,0x00,
    0x00,0x00,0x00,0x00,0x00,0x00,0x00,0x00,0x00,0x00,0x00,0x00,0x00,0x00,0x00,0x00,
    0x00,0x00,0x00,0x00,0x00,0x00,0x00,0x00,0x00,0x00,0x00,0x00,0x00,0x00,0x00,0x00,
    0x00,0x00,0x00,0x00,0x00,0x00,0x00,0x00,0x00,0x00,0x00,0x00,0x00,0x00,0x00,0x00,
    0x00,0x00,0x00,0x00,0x00,0x00,0x00,0x00,0x00,0x00,0x00,0x00,0x00,0x00,0x00,0x00,
    0x00,0x00,0x00,0x00,0x00,0x00,0x00,0x00,0x00,0x00,0x00,0x00,0x00,0x00,0x00,0x00,
    0x00,0x00,0x00,0x00,0x00,0x00,0x00,0x00,0x00,0x00,0x00,0x00,0x00,0x00,0x00,0x00,
    0x00,0x00,0x00,0x00,0x00,0x00,0x00,0x00,0x00,0x00,0x00,0x00,0x00,0x00,0x00,0x00,
    0x00,0x00,0x00,0x00,0x00,0x00,0x00,0x00,0x00,0x00,0x00,0x00,0x00,0x00,0x00,0x00,
    0x00,0x00,0x00,0x00,0x00,0x00,0x00,0x00,0x00,0x00,0x00,0x00,0x00,0x00,0x00,0x00,
    0x00,0x00,0x00,0x00,0x00,0x00,0x00,0x00,0x00,0x00,0x00,0x00,0x00,0x00,0x00,0x00,
    0x00,0x00,0x00,0x00,0x00,0x00,0x00,0x00,0x00,0x00,0x00,0x00,0x00,0x00,0x00,0x00,
    0x00,0x00,0x00,0x00,0x00,0x00,0x00,0x00,0x00,0x00,0x00,0x00,0x00,0x00,0x00,0x00,
    0x00,0x00,0x00,0x00,0x00,0x00,0x00,0x00,0x00,0x00,0x00,0x00,0x00,0x00,0x00,0x00,
    0x00,0x00,0x00,0x00,0x00,0x00,0x00,0x00,0x00,0x00,0x00,0x00,0x00,0x00,0x00,0x00,
    0x00,0x00,0x00,0x00,0x00,0x00,0x00,0x00,0x00,0x00,0x00,0x00,0x00,0x00,0x00,0x00,
    0x00,0x00,0x00,0x00,0x00,0x00,0x00,0x00,0x00,0x00,0x00,0x00,0x00,0x00,0x00,0x00,
    0x00,0x00,0x00,0x00,0x00,0x00,0x00,0x00,0x00,0x00,0x00,0x00,0x00,0x00,0x00,0x00,
    0x00,0x00,0x00,0x00,0x00,0x00,0x00,0x00,0x00,0x00,0x00,0x00,0x00,0x00,0x00,0x00,
    0x00,0x00,0x00,0x00,0x00,0x00,0x00,0x00,0x00,0x00,0x00,0x00,0x00,0x00,0x00,0x00,
    0x00,0x00,0x00,0x00,0x00,0x00,0x00,0x00,0x00,0x00,0x00,0x00,0x00,0x00,0x00,0x00,
    0x00,0x00,0x00,0x00,0x00,0x00,0x00,0x00,0x00,0x00,0x00,0x00,0x00,0x00,0x00,0x00,
    0x00,0x00,0x00,0x00,0x00,0x00,0x00,0x00,0x00,0x00,0x00,0x00,0x00,0x00,0x00,0x00,
    0x00,0x00,0x00,0x00,0x00,0x00,0x00,0x00,0x00,0x00,0x00,0x00,0x00,0x00,0x00,0x00,
    0x00,0x00,0x00,0x00,0x00,0x00,0x00,0x00,0x00,0x00,0x00,0x00,0x00,0x00,0x00,0x00,
    0x00,0x00,0x00,0x00,0x00,0x00,0x00,0x00,0x00,0x00,0x00,0x00,0x00,0x00,0x00,0x00,
    0x00,0x00,0x00,0x00,0x00,0x00,0x00,0x00,0x00,0x00,0x00,0x00,0x00,0x00,0x00,0x00,
    0x00,0x00,0x00,0x00,0x00,0x00,0x00,0x00,0x00,0x00,0x00,0x00,0x00,0x00,0x00,0x00,
    0x00,0x00,0x00,0x00,0x00,0x00,0x00,0x00,0x00,0x00,0x00,0x00,0x00,0x00,0x00,0x00,
    0x00,0x00,0x00,0x00,0x00,0x00,0x00,0x00,0x00,0x00,0x00,0x00,0x00,0x00,0x00,0x00,
    0x00,0x00,0x00,0x00,0x00,0x00,0x00,0x00,0x00,0x00,0x00,0x00,0x00,0x00,0x00,0x00,
    0x00,0x00,0x00,0x00,0x00,0x00,0x00,0x00,0x00,0x00,0x00,0x00,0x00,0x00,0x00,0x00,
    0x00,0x00,0x00,0x00,0x00,0x00,0x00,0x00,0x00,0x00,0x00,0x00,0x00,0x00,0x00,0x00,
    0x00,0x00,0x00,0x00,0x00,0x00,0x00,0x00,0x00,0x00,0x00,0x00,0x00,0x00,0x00,0x00,
    0x00,0x00,0x00,0x00,0x00,0x00,0x00,0x00,0x00,0x00,0x00,0x00,0x00,0x00,0x00,0x00,
    0x00,0x00,0x00,0x00,0x00,0x00,0x00,0x00,0x00,0x00,0x00,0x00,0x00,0x00,0x00,0x00,
    0x00,0x00,0x00,0x00,0x00,0x00,0x00,0x00,0x00,0x00,0x00,0x00,0x00,0x00,0x00,0x00,
    0x00,0x00,0x00,0x00,0x00,0x00,0x00,0x00,0x00,0x00,0x00,0x00,0x00,0x00,0x00,0x00,
    0x00,0x00,0x00,0x00,0x00,0x00,0x00,0x00,0x00,0x00,0x00,0x00,0x00,0x00,0x00,0x00,
    0x00,0x00,0x00,0x00,0x00,0x00,0x00,0x00,0x00,0x00,0x00,0x00,0x00,0x00,0x00,0x00,
    0x00,0x00,0x00,0x00,0x00,0x00,0x00,0x00,0x00,0x00,0x00,0x00,0x00,0x00,0x00,0x00,
    0x00,0x00,0x00,0x00,0x00,0x00,0x00,0x00,0x00,0x00,0x00,0x00,0x00,0x00,0x00,0x00,
    0x00,0x00,0x00,0x00,0x00,0x00,0x00,0x00,0x00,0x00,0x00,0x00,0x00,0x00,0x00,0x00,
    0x00,0x00,0x00,0x00,0x00,0x00,0x00,0x00,0x00,0x00,0x00,0x00,0x00,0x00,0x00,0x00,
    0x00,0x00,0x00,0x00,0x00,0x00,0x00,0x00,0x00,0x00,0x00,0x00,0x00,0x00,0x00,0x00,
    0x00,0x00,0x00,0x00,0x00,0x00,0x00,0x00,0x00,0x00,0x00,0x00,0x00,0x00,0x00,0x00,
    0x00,0x00,0x00,0x00,0x00,0x00,0x00,0x00,0x00,0x00,0x00,0x00,0x00,0x00,0x00,0x00,
    0x00,0x00,0x00,0x00,0x00,0x00,0x00,0x00,0x00,0x00,0x00,0x00,0x00,0x00,0x00,0x00,
    0x00,0x00,0x00,0x00,0x00,0x00,0x00,0x00,0x00,0x00,0x00,0x00,0x00,0x00,0x00,0x00,
    0x00,0x00,0x00,0x00,0x00,0x00,0x00,0x00,0x00,0x00,0x00,0x00,0x00,0x00,0x00,0x00,
    0x00,0x00,0x00,0x00,0x00,0x00,0x00,0x00,0x00,0x00,0x00,0x00,0x00,0x00,0x00,0x00,
    0x00,0x00,0x00,0x00,0x00,0x00,0x00,0x00,0x00,0x00,0x00,0x00,0x00,0x00,0x00,0x00,
    0x00,0x00,0x00,0x00,0x00,0x00,0x00,0x00,0x00,0x00,0x00,0x00,0x00,0x00,0x00,0x00,
    0x00,0x00,0x00,0x00,0x00,0x00,0x00,0x00,0x00,0x00,0x00,0x00,0x00,0x00,0x00,0x00,
    0x00,0x00,0x00,0x00,0x00,0x00,0x00,0x00,0x00,0x00,0x00,0x00,0x00,0x00,0x00,0x00,
    0x00,0x00,0x00,0x00,0x00,0x00,0x00,0x00,0x00,0x00,0x00,0x00,0x00,0x00,0x00,0x00,
    0x00,0x00,0x00,0x00,0x00,0x00,0x00,0x00,0x00,0x00,0x00,0x00,0x00,0x00,0x00,0x00,
    0x00,0x00,0x00,0x00,0x00,0x00,0x00,0x00,0x00,0x00,0x00,0x00,0x00,0x00,0x00,0x00,
    0x00,0x00,0x00,0x00,0x00,0x00,0x00,0x00,0x00,0x00,0x00,0x00,0x00,0x00,0x00,0x00,
    0x00,0x00,0x00,0x00,0x00,0x00,0x00,0x00,0x00,0x00,0x00,0x00,0x00,0x00,0x00,0x00,
    0x00,0x00,0x00,0x00,0x00,0x00,0x00,0x00,0x00,0x00,0x00,0x00,0x00,0x00,0x00,0x00,
    0x00,0x00,0x00,0x00,0x00,0x00,0x00,0x00,0x00,0x00,0x00,0x00,0x00,0x00,0x00,0x00,
    0x00,0x00,0x00,0x00,0x00,0x00,0x00,0x00,0x00,0x00,0x00,0x00,0x00,0x00,0x00,0x00,
    0x00,0x00,0x00,0x00,0x00,0x00,0x00,0x00,0x00,0x00,0x00,0x00,0x00,0x00,0x00,0x00,
    0x00,0x00,0x00,0x00,0x00,0x00,0x00,0x00,0x00,0x00,0x00,0x00,0x00,0x00,0x00,0x00,
    0x00,0x00,0x00,0x00,0x00,0x00,0x00,0x00,0x00,0x00,0x00,0x00,0x00,0x00,0x00,0x00,
    0x00,0x00,0x00,0x00,0x00,0x00,0x00,0x00,0x00,0x00,0x00,0x00,0x00,0x00,0x00,0x00,
    0x00,0x00,0x00,0x00,0x00,0x00,0x00,0x00,0x00,0x00,0x00,0x00,0x00,0x00,0x00,0x00,
    0x00,0x00,0x00,0x00,0x00,0x00,0x00,0x00,0x00,0x00,0x00,0x00,0x00,0x00,0x00,0x00,
    0x00,0x00,0x00,0x00,0x00,0x00,0x00,0x00,0x00,0x00,0x00,0x00,0x00,0x00,0x00,0x00,
    0x00,0x00,0x00,0x00,0x00,0x00,0x00,0x00,0x00,0x00,0x00,0x00,0x00,0x00,0x00,0x00,
    0x00,0x00,0x00,0x00,0x00,0x00,0x00,0x00,0x00,0x00,0x00,0x00,0x00,0x00,0x00,0x00,
    0x00,0x00,0x00,0x00,0x00,0x00,0x00,0x00,0x00,0x00,0x00,0x00,0x00,0x00,0x00,0x00,
    0x00,0x00,0x00,0x00,0x00,0x00,0x00,0x00,0x00,0x00,0x00,0x00,0x00,0x00,0x00,0x00,
    0x00,0x00,0x00,0x00,0x00,0x00,0x00,0x00,0x00,0x00,0x00,0x00,0x00,0x00,0x00,0x00,
    0x00,0x00,0x00,0x00,0x00,0x00,0x00,0x00,0x00,0x00,0x00,0x00,0x00,0x00,0x00,0x00,
    0x00,0x00,0x00,0x00,0x00,0x00,0x00,0x00,0x00,0x00,0x00,0x00,0x00,0x00,0x00,0x00,
    0x00,0x00,0x00,0x00,0x00,0x00,0x00,0x00,0x00,0x00,0x00,0x00,0x00,0x00,0x00,0x00,
    0x00,0x00,0x00,0x00,0x00,0x00,0x00,0x00,0x00,0x00,0x00,0x00,0x00,0x00,0x00,0x00,
    0x00,0x00,0x00,0x00,0x00,0x00,0x00,0x00,0x00,0x00,0x00,0x00,0x00,0x00,0x00,0x00,
    0x00,0x00,0x00,0x00,0x00,0x00,0x00,0x00,0x00,0x00,0x00,0x00,0x00,0x00,0x00,0x00,
    0x00,0x00,0x00,0x00,0x00,0x00,0x00,0x00,0x00,0x00,0x00,0x00,0x00,0x00,0x00,0x00,
    0x00,0x00,0x00,0x00,0x00,0x00,0x00,0x00,0x00,0x00,0x00,0x00,0x00,0x00,0x00,0x00,
    0x00,0x00,0x00,0x00,0x00,0x00,0x00,0x00,0x00,0x00,0x00,0x00,0x00,0x00,0x00,0x00,
    0x00,0x00,0x00,0x00,0x00,0x00,0x00,0x00,0x00,0x00,0x00,0x00,0x00,0x00,0x00,0x00,
    0x00,0x00,0x00,0x00,0x00,0x00,0x00,0x00,0x00,0x00,0x00,0x00,0x00,0x00,0x00,0x00,
    0x00,0x00,0x00,0x00,0x00,0x00,0x00,0x00,0x00,0x00,0x00,0x00,0x00,0x00,0x00,0x00,
    0x00,0x00,0x00,0x00,0x00,0x00,0x00,0x00,0x00,0x00,0x00,0x00,0x00,0x00,0x00,0x00,
    0x00,0x00,0x00,0x00,0x00,0x00,0x00,0x00,0x00,0x00,0x00,0x00,0x00,0x00,0x00,0x00,
    0x00,0x00,0x00,0x00,0x00,0x00,0x00,0x00,0x00,0x00,0x00,0x00,0x00,0x00,0x00,0x00,
    0x00,0x00,0x00,0x00,0x00,0x00,0x00,0x00,0x00,0x00,0x00,0x00,0x00,0x00,0x00,0x00,
    0x00,0x00,0x00,0x00,0x00,0x00,0x00,0x00,0x00,0x00,0x00,0x00,0x00,0x00,0x00,0x00,
    0x00,0x00,0x00,0x00,0x00,0x00,0x00,0x00,0x00,0x00,0x00,0x00,0x00,0x00,0x00,0x00,
    0x00,0x00,0x00,0x00,0x00,0x00,0x00,0x00,0x00,0x00,0x00,0x00,0x00,0x00,0x00,0x00,
    0x00,0x00,0x00,0x00,0x00,0x00,0x00,0x00,0x00,0x00,0x00,0x00,0x00,0x00,0x00,0x00,
    0x00,0x00,0x00,0x00,0x00,0x00,0x00,0x00,0x00,0x00,0x00,0x00,0x00,0x00,0x00,0x00,
    0x00,0x00,0x00,0x00,0x00,0x00,0x00,0x00,0x00,0x00,0x00,0x00,0x00,0x00,0x00,0x00,
    0x00,0x00,0x00,0x00,0x00,0x00,0x00,0x00,0x00,0x00,0x00,0x00,0x00,0x00,0x00,0x00,
    0x00,0x00,0x00,0x00,0x00,0x00,0x00,0x00,0x00,0x00,0x00,0x00,0x00,0x00,0x00,0x00,
    0x00,0x00,0x00,0x00,0x00,0x00,0x00,0x00,0x00,0x00,0x00,0x00,0x00,0x00,0x00,0x00,
    0x00,0x00,0x00,0x00,0x00,0x00,0x00,0x00,0x00,0x00,0x00,0x00,0x00,0x00,0x00,0x00,
    0x00,0x00,0x00,0x00,0x00,0x00,0x00,0x00,0x00,0x00,0x00,0x00,0x00,0x00,0x00,0x00,
    0x00,0x00,0x00,0x00,0x00,0x00,0x00,0x00,0x00,0x00,0x00,0x00,0x00,0x00,0x00,0x00,
    0x00,0x00,0x00,0x00,0x00,0x00,0x00,0x00,0x00,0x00,0x00,0x00,0x00,0x00,0x00,0x00,
    0x4c,0x01,0xa1,0x4c,0x2c,0xa5,0x4c,0x16,0xa5,0x4c,0x1e,0xa5,0x4c,0x26,0xa5,0x4c,
    0x11,0xa1,0x4c,0x15,0xa1,0x4c,0xc1,0xa4,0x4c,0x19,0xa1,0x4c,0xa8,0xa1,0x4c,0x4c,
    0xa1,0x4c,0xa1,0xa1,0x4c,0xbc,0xa1,0x4c,0x72,0xa6,0x4c,0xcb,0xa2,0x4c,0xb1,0xa4,
    0x4c,0xe6,0xa5,0x4c,0x86,0xa5,0x4c,0xd5,0xa5,0x4c,0x67,0xa6,0x4c,0x28,0xad,0x4c,
    0xa1,0xad,0x4c,0x91,0xae,0x4c,0x91,0xa4,0x4c,0x95,0xa6,0x4c,0xa1,0xa6,0x4c,0xa6,
    0xa4,0x4c,0x61,0xa5,0x4c,0xdf,0xae,0x4c,0xd8,0xaf,0x4c,0xef,0xa6,0x4c,0x1c,0xa7,
    0x4c,0x5d,0xa7,0x4c,0x7b,0xa7,0x4c,0xaf,0xa7,0x4c,0xb6,0xa7,0x4c,0xce,0xa9,0x4c,
    0xf3,0xa9,0x4c,0x1f,0xa9,0x4c,0x0f,0xa6,0x4c,0x2f,0xa3,0x4c,0xca,0xa3,0x4c,0x32,
    0xad,0x4c,0xab,0xad,0x4c,0x33,0xac,0x4c,0x2b,0xac,0x4c,0x2f,0xac,0x4c,0x4e,0xac,
    0x4c,0x14,0xa3,0x4c,0x25,0xa3,0x4c,0xda,0xab,0x4c,0x80,0xa6,0x4c,0x8f,0xa6,0x4c,
    0x00,0xa1,0x4c,0x00,0xa1,0x4c,0x00,0xa1,0x4c,0x00,0xa1,0x4c,0x00,0xa1,0x4c,0x00,
    0xa1,0x4c,0x00,0xa1,0x4c,0x00,0xa1,0x4c,0x00,0xa1,0x4c,0x00,0xa1,0x4c,0x00,0xa1,
    0x4c,0x00,0xa1,0x4c,0x00,0xa1,0x4c,0x00,0xa1,0x4c,0x00,0xa1,0x4c,0x00,0xa1,0x4c,
    0x00,0xa1,0x4c,0x00,0xa1,0x4c,0x00,0xa1,0x4c,0x00,0xa1,0x4c,0x00,0xa1,0x4c,0x00,
    0xa1,0x4c,0x00,0xa1,0x4c,0x00,0xa1,0x4c,0x00,0xa1,0x4c,0x00,0xa1,0x4c,0x00,0xa1,
    0x4c,0x00,0xa1,0x4c,0x00,0xa1,0x4c,0x00,0xa1,0x4c,0x00,0xa1,0x4c,0x00,0xa1,0x00,
    0x60,0x48,0xad,0x06,0x03,0x29,0x01,0xd0,0x04,0x68,0x4c,0x2e,0xa2,0x68,0x4c,0x61,
    0xa5,0x8d,0x06,0x03,0x60,0xad,0x06,0x03,0x60,0x2c,0x0d,0x03,0x10,0x2d,0xa9,0x00,
    0x8d,0x01,0x9c,0xa9,0x40,0x8d,0x01,0x9c,0xa9,0x20,0xa0,0x00,0xa2,0x03,0x8d,0x00,
    0x9c,0xc8,0xd0,0xfa,0xca,0xd0,0xf7,0xa0,0xc0,0x8d,0x00,0x9c,0x88,0xd0,0xfa,0x9c,
    0x07,0x03,0x9c,0x08,0x03,0x9c,0x09,0x03,0x9c,0x0a,0x03,0x60,0x2c,0x0d,0x03,0x10,
    0x4f,0x8e,0x07,0x03,0x8c,0x08,0x03,0xa9,0x00,0x8d,0x0a,0x03,0x98,0x0a,0x2e,0x0a,
    0x03,0x0a,0x2e,0x0a,0x03,0x0a,0x2e,0x0a,0x03,0x8d,0x09,0x03,0x48,0xad,0x0a,0x03,
    0x48,0xad,0x09,0x03,0x0a,0x2e,0x0a,0x03,0x0a,0x2e,0x0a,0x03,0x8d,0x09,0x03,0x68,
    0x6d,0x0a,0x03,0x8d,0x0a,0x03,0x68,0x18,0x6d,0x09,0x03,0x8d,0x09,0x03,0x90,0x03,
    0xee,0x0a,0x03,0x8a,0x18,0x6d,0x09,0x03,0x8d,0x09,0x03,0x90,0x03,0xee,0x0a,0x03,
    0x60,0xae,0x07,0x03,0xac,0x08,0x03,0x60,0x48,0xad,0x09,0x03,0x8d,0x01,0x9c,0xad,
    0x0a,0x03,0x09,0x40,0x8d,0x01,0x9c,0x68,0x8d,0x00,0x9c,0x60,0xa5,0x02,0x48,0xa5,
    0x03,0x48,0xa9,0x28,0x85,0x02,0xa9,0x00,0x85,0x03,0xa2,0x17,0xda,0xa5,0x02,0x8d,
    0x01,0x9c,0xa5,0x03,0x8d,0x01,0x9c,0xa0,0x00,0xad,0x00,0x9c,0x99,0x20,0x03,0xc8,
    0xc0,0x28,0xd0,0xf5,0xa5,0x02,0x38,0xe9,0x28,0x8d,0x01,0x9c,0xa5,0x03,0xe9,0x00,
    0x09,0x40,0x8d,0x01,0x9c,0xa0,0x00,0xb9,0x20,0x03,0x8d,0x00,0x9c,0xc8,0xc0,0x28,
    0xd0,0xf5,0xa5,0x02,0x18,0x69,0x28,0x85,0x02,0x90,0x02,0xe6,0x03,0xfa,0xca,0xd0,
    0xbb,0xa9,0x98,0x8d,0x01,0x9c,0xa9,0x03,0x09,0x40,0x8d,0x01,0x9c,0xa9,0x20,0xa0,
    0x28,0x8d,0x00,0x9c,0x88,0xd0,0xfa,0x68,0x85,0x03,0x68,0x85,0x02,0x60,0x48,0xda,
    0x5a,0xc9,0x20,0x90,0x06,0xc9,0x7f,0x90,0x14,0x80,0x45,0xc9,0x0d,0xf0,0x45,0xc9,
    0x0a,0xf0,0x4e,0xc9,0x08,0xf0,0x67,0xc9,0x07,0xf0,0x7b,0x80,0x33,0x20,0x1b,0xa0,
    0xee,0x07,0x03,0xee,0x09,0x03,0xd0,0x03,0xee,0x0a,0x03,0xad,0x07,0x03,0xc9,0x28,
    0x90,0x1e,0x9c,0x07,0x03,0xee,0x08,0x03,0xad,0x08,0x03,0xc9,0x18,0x90,0x08,0x20,
    0x24,0xa0,0xa9,0x17,0x8d,0x08,0x03,0xae,0x07,0x03,0xac,0x08,0x03,0x20,0x1e,0xa0,
    0x7a,0xfa,0x68,0x60,0x9c,0x07,0x03,0xa2,0x00,0xac,0x08,0x03,0x20,0x1e,0xa0,0x80,
    0xef,0xee,0x08,0x03,0xad,0x08,0x03,0xc9,0x18,0x90,0x08,0x20,0x24,0xa0,0xa9,0x17,
    0x8d,0x08,0x03,0xae,0x07,0x03,0xac,0x08,0x03,0x20,0x1e,0xa0,0x80,0xd2,0xad,0x07,
    0x03,0xf0,0xcd,0xce,0x07,0x03,0xae,0x07,0x03,0xac,0x08,0x03,0x20,0x1e,0xa0,0xa9,
    0x20,0x20,0x1b,0xa0,0x80,0xba,0x20,0x30,0xa0,0x80,0xb5,0x48,0xda,0x5a,0x20,0x1b,
    0xa0,0xee,0x07,0x03,0xee,0x09,0x03,0xd0,0x03,0xee,0x0a,0x03,0xad,0x07,0x03,0xc9,
    0x28,0x90,0x1e,0x9c,0x07,0x03,0xee,0x08,0x03,0xad,0x08,0x03,0xc9,0x18,0x90,0x08,
    0x20,0x24,0xa0,0xa9,0x17,0x8d,0x08,0x03,0xae,0x07,0x03,0xac,0x08,0x03,0x20,0x1e,
    0xa0,0x7a,0xfa,0x68,0x60,0xa0,0x00,0xb1,0x02,0xf0,0x08,0x5a,0x20,0x2e,0xa2,0x7a,
    0xc8,0xd0,0xf4,0x60,0x85,0x02,0x84,0x03,0xa0,0x00,0xb1,0x02,0xf0,0x06,0x20,0x00,
    0xa0,0xc8,0xd0,0xf6,0x60,0xa9,0x0d,0x20,0x00,0xa0,0xa9,0x0a,0x4c,0x00,0xa0,0xd8,
    0x78,0xa9,0x8e,0x8d,0x00,0x03,0xa9,0xb1,0x8d,0x01,0x03,0xa9,0x72,0x8d,0x02,0x03,
    0xa9,0xb1,0x8d,0x03,0x03,0xa9,0x71,0x8d,0x04,0x03,0xa9,0xb1,0x8d,0x05,0x03,0x9c,
    0x0d,0x03,0x9c,0x5b,0x03,0x9c,0x5c,0x03,0x9c,0x8e,0x03,0x9c,0x8f,0x03,0x9c,0x0f,
    0x03,0x20,0x0f,0xa5,0x20,0xbd,0xa7,0x20,0xf1,0xa8,0x20,0x82,0xa9,0x20,0xac,0xa8,
    0xad,0x0d,0x03,0x29,0x10,0xf0,0x03,0x20,0xa6,0xa4,0x20,0x96,0xa8,0xad,0x0d,0x03,
    0x29,0x20,0xf0,0x03,0x20,0x91,0xa4,0x20,0xc2,0xa8,0xad,0x0d,0x03,0x29,0x40,0xf0,
    0x03,0x20,0xb1,0xa4,0x20,0x5e,0xa8,0xad,0x0d,0x03,0x29,0x80,0xf0,0x03,0x20,0xc1,
    0xa4,0xad,0x0d,0x03,0x29,0x80,0xd0,0x09,0xad,0x0d,0x03,0x29,0x10,0xd0,0x15,0x80,
    0x18,0xa9,0x00,0x8d,0x06,0x03,0x9c,0x07,0x03,0x9c,0x08,0x03,0x9c,0x09,0x03,0x9c,
    0x0a,0x03,0x80,0x05,0xa9,0x01,0x8d,0x06,0x03,0x60,0xa9,0x01,0xa2,0x05,0x60,0xad,
    0x8e,0x03,0xae,0x8f,0x03,0x9c,0x8e,0x03,0x9c,0x8f,0x03,0xe0,0x08,0x90,0x13,0xd0,
    0x04,0xc9,0x02,0x90,0x0d,0xe0,0x80,0x90,0x06,0xd0,0x07,0xc9,0x00,0xd0,0x03,0xda,
    0x7a,0x60,0xad,0x01,0x08,0xc9,0x08,0x90,0x3e,0xc9,0x80,0xb0,0x3a,0xa9,0x00,0x85,
    0x24,0xa9,0x08,0x85,0x25,0xa0,0x01,0xb1,0x24,0xf0,0x1f,0xc9,0x80,0xb0,0x28,0x85,
    0x27,0x88,0xb1,0x24,0x85,0x26,0xa5,0x24,0xc5,0x26,0xa5,0x25,0xe5,0x27,0xb0,0x17,
    0xa5,0x26,0x85,0x24,0xa5,0x27,0x85,0x25,0x80,0xdb,0x18,0xa5,0x24,0x69,0x02,0xaa,
    0xa5,0x25,0x69,0x00,0xa8,0x8a,0x60,0x9c,0x00,0x08,0x9c,0x01,0x08,0xa9,0x02,0xa0,
    0x08,0x60,0xa2,0xff,0x9a,0x20,0x2f,0xa3,0x20,0x30,0xa0,0xad,0x5b,0x03,0x0d,0x5c,
    0x03,0xf0,0x03,0x6c,0x5b,0x03,0xad,0x0d,0x03,0x29,0x90,0xd0,0x02,0x80,0xfe,0x58,
    0x20,0x00,0xb1,0xa2,0x32,0xda,0xa9,0x0a,0xa2,0x00,0x20,0x75,0xa0,0x20,0x0c,0xa0,
    0xfa,0xc9,0x00,0xd0,0x05,0xca,0xd0,0xed,0x80,0x10,0x20,0x09,0xa0,0xc9,0x0d,0xf0,
    0x09,0xc9,0x1b,0xf0,0x0b,0xca,0xd0,0xdd,0x80,0x00,0x20,0x18,0xa0,0x4c,0x00,0xc0,
    0x00,0xa9,0x00,0x8d,0x02,0x94,0xa9,0x00,0x8d,0x03,0x94,0xa9,0xcc,0x8d,0x0c,0x94,
    0xa9,0x92,0x8d,0x0e,0x94,0x60,0xa9,0x1f,0x8d,0x03,0x90,0xa9,0x09,0x8d,0x02,0x90,
    0x60,0xa9,0x00,0xa2,0x1d,0x9d,0x00,0x98,0xca,0x10,0xfa,0xa9,0x0f,0x8d,0x18,0x98,
    0x60,0xa2,0x00,0xbd,0xd7,0xa4,0x8d,0x01,0x9c,0x8a,0x09,0x80,0x8d,0x01,0x9c,0xe8,
    0xe0,0x08,0xd0,0xef,0x4c,0xdf,0xa4,0x00,0xd0,0x00,0x00,0x01,0x00,0x00,0x1f,0xa5,
    0x02,0x48,0xa5,0x03,0x48,0xa9,0x00,0x8d,0x01,0x9c,0xa9,0x48,0x8d,0x01,0x9c,0xa9,
    0x00,0x85,0x02,0xa9,0xb8,0x85,0x03,0xa2,0x08,0xa0,0x00,0xb1,0x02,0x8d,0x00,0x9c,
    0xc8,0xd0,0xf8,0xe6,0x03,0xca,0xd0,0xf3,0x68,0x85,0x03,0x68,0x85,0x02,0x60,0xa9,
    0x00,0x85,0x00,0x85,0x01,0x60,0xa6,0x01,0x9d,0x00,0x02,0xe6,0x01,0x60,0xa6,0x00,
    0xbd,0x00,0x02,0xe6,0x00,0x60,0xa5,0x01,0x38,0xe5,0x00,0x60,0xda,0x20,0x0c,0xa0,
    0xf0,0x2c,0x20,0x09,0xa0,0x20,0x00,0xa0,0x48,0x20,0x0c,0xa0,0xc9,0xb0,0x90,0x0e,
    0xad,0x0d,0x03,0x29,0x10,0xf0,0x13,0xa9,0x01,0x8d,0x02,0x90,0x80,0x0c,0xad,0x0d,
    0x03,0x29,0x10,0xf0,0x05,0xa9,0x09,0x8d,0x02,0x90,0x68,0xfa,0x38,0x60,0xfa,0x18,
    0x60,0x8d,0x00,0x90,0x48,0xda,0xad,0x01,0x90,0x89,0x08,0xf0,0x12,0x48,0xad,0x02,
    0x90,0x29,0x02,0xd0,0x09,0x08,0x78,0xad,0x00,0x90,0x20,0x06,0xa0,0x28,0x68,0x29,
    0x10,0xf0,0xe3,0xfa,0x68,0x60,0x2c,0x0d,0x03,0x50,0x49,0xc9,0x01,0xf0,0x1a,0xc9,
    0x02,0xf0,0x2c,0x8e,0x00,0x98,0x8c,0x01,0x98,0xa9,0x09,0x8d,0x05,0x98,0xa9,0xf8,
    0x8d,0x06,0x98,0xa9,0x11,0x8d,0x04,0x98,0x60,0x8e,0x07,0x98,0x8c,0x08,0x98,0xa9,
    0x09,0x8d,0x0c,0x98,0xa9,0xf8,0x8d,0x0d,0x98,0xa9,0x11,0x8d,0x0b,0x98,0x60,0x8e,
    0x0e,0x98,0x8c,0x0f,0x98,0xa9,0x09,0x8d,0x13,0x98,0xa9,0xf8,0x8d,0x14,0x98,0xa9,
    0x11,0x8d,0x12,0x98,0x60,0x2c,0x0d,0x03,0x50,0x0b,0xa9,0x10,0x8d,0x04,0x98,0x8d,
    0x0b,0x98,0x8d,0x12,0x98,0x60,0xad,0x0d,0x03,0x29,0x40,0xd0,0x01,0x60,0xa9,0x00,
    0xa2,0x20,0xa0,0x1f,0x20,0x33,0xa0,0xa9,0x09,0x8d,0x05,0x98,0xa9,0x00,0x8d,0x06,
    0x98,0xa2,0xf0,0xa0,0xff,0x88,0xd0,0xfd,0xca,0xd0,0xf8,0x20,0x36,0xa0,0x60,0x85,
    0x2c,0x86,0x2d,0x05,0x2d,0xf0,0x4f,0xad,0x0d,0x03,0x29,0x20,0xd0,0x19,0xa0,0x00,
    0xa2,0x08,0x88,0xd0,0xfd,0xca,0xd0,0xfa,0xa5,0x2c,0xd0,0x02,0xc6,0x2d,0xc6,0x2c,
    0xa5,0x2c,0x05,0x2d,0xd0,0xe8,0x60,0xad,0x0b,0x94,0x29,0xbf,0x8d,0x0b,0x94,0xa9,
    0x0f,0x8d,0x06,0x94,0xa9,0x27,0x8d,0x07,0x94,0xa9,0x27,0x8d,0x05,0x94,0xad,0x0d,
    0x94,0x29,0x40,0xf0,0xf9,0xad,0x04,0x94,0xa5,0x2c,0xd0,0x02,0xc6,0x2d,0xc6,0x2c,
    0xa5,0x2c,0x05,0x2d,0xd0,0xd9,0x60,0x2c,0x0d,0x03,0x50,0x05,0x29,0x0f,0x8d,0x18,
    0x98,0x60,0x2c,0x0d,0x03,0x10,0x08,0x8d,0x01,0x9c,0xa9,0x87,0x8d,0x01,0x9c,0x60,
    0xa9,0xee,0x8d,0x0c,0x94,0x8a,0x48,0xa2,0x50,0xca,0xd0,0xfd,0x68,0xaa,0x60,0xa9,
    0xcc,0x8d,0x0c,0x94,0x60,0x20,0x80,0xa6,0xad,0x00,0x94,0x48,0x20,0x8f,0xa6,0x68,
    0x60,0x20,0x80,0xa6,0xad,0x01,0x94,0x48,0x20,0x8f,0xa6,0x68,0x60,0x48,0x4a,0x4a,
    0x4a,0x4a,0x0a,0x8d,0x0c,0x03,0x0a,0x0a,0x18,0x6d,0x0c,0x03,0x8d,0x0c,0x03,0x68,
    0x29,0x0f,0x18,0x6d,0x0c,0x03,0x60,0xa2,0xff,0xe8,0x38,0xe9,0x0a,0xb0,0xfa,0x69,
    0x0a,0x8d,0x0c,0x03,0x8a,0x0a,0x0a,0x0a,0x0a,0x0d,0x0c,0x03,0x60,0xad,0x0f,0x88,
    0x29,0x7f,0x8d,0x0f,0x88,0x60,0xad,0x0f,0x88,0x09,0x80,0x8d,0x0f,0x88,0x60,0xa0,
    0x02,0xad,0x00,0x88,0x8d,0x0c,0x03,0xad,0x02,0x88,0x48,0xad,0x01,0x88,0x48,0xad,
    0x00,0x88,0xcd,0x0c,0x03,0xf0,0x07,0x88,0xf0,0x04,0x68,0x68,0x80,0xe3,0x20,0xad,
    0xa6,0xa8,0x68,0x20,0xad,0xa6,0xaa,0x68,0x20,0xad,0xa6,0x60,0xa0,0x02,0xad,0x00,
    0x88,0x8d,0x0c,0x03,0xad,0x04,0x88,0x48,0xad,0x06,0x88,0x48,0xad,0x05,0x88,0x48,
    0xad,0x07,0x88,0x48,0xad,0x00,0x88,0xcd,0x0c,0x03,0xf0,0x09,0x88,0xf0,0x06,0x68,
    0x68,0x68,0x68,0x80,0xd9,0x68,0x20,0xad,0xa6,0x8d,0x0b,0x03,0x68,0x29,0x1f,0x20,
    0xad,0xa6,0xaa,0x68,0x20,0xad,0xa6,0xa8,0x68,0x20,0xad,0xa6,0x60,0x48,0xda,0x5a,
    0x20,0xdd,0xa6,0x68,0x20,0xc7,0xa6,0x8d,0x00,0x88,0x68,0x20,0xc7,0xa6,0x8d,0x01,
    0x88,0x68,0x20,0xc7,0xa6,0x8d,0x02,0x88,0x4c,0xe6,0xa6,0x48,0xda,0x5a,0x20,0xdd,
    0xa6,0xad,0x0b,0x03,0x20,0xc7,0xa6,0x8d,0x07,0x88,0x68,0x20,0xc7,0xa6,0x8d,0x06,
    0x88,0x68,0x20,0xc7,0xa6,0x29,0x1f,0x8d,0x0c,0x03,0xad,0x05,0x88,0x29,0xe0,0x0d,
    0x0c,0x03,0x8d,0x05,0x88,0x68,0x20,0xc7,0xa6,0x8d,0x04,0x88,0x4c,0xe6,0xa6,0x8e,
    0x10,0x88,0xad,0x13,0x88,0x60,0x8e,0x10,0x88,0x8d,0x13,0x88,0x60,0x9c,0xff,0x83,
    0xad,0x00,0x80,0x48,0xa9,0x01,0x8d,0xff,0x83,0xad,0x00,0x80,0x48,0x9c,0xff,0x83,
    0xa9,0xa5,0x8d,0x00,0x80,0xa9,0x01,0x8d,0xff,0x83,0xa9,0x5a,0x8d,0x00,0x80,0x9c,
    0xff,0x83,0xad,0x00,0x80,0xc9,0xa5,0xd0,0x14,0xa9,0x01,0x8d,0xff,0x83,0xad,0x00,
    0x80,0xc9,0x5a,0xd0,0x08,0xad,0x0d,0x03,0x09,0x01,0x8d,0x0d,0x03,0xa9,0x01,0x8d,
    0xff,0x83,0x68,0x8d,0x00,0x80,0x9c,0xff,0x83,0x68,0x8d,0x00,0x80,0x9c,0xff,0x87,
    0xad,0x00,0x84,0x48,0xa9,0x01,0x8d,0xff,0x87,0xad,0x00,0x84,0x48,0x9c,0xff,0x87,
    0xa9,0xa5,0x8d,0x00,0x84,0xa9,0x01,0x8d,0xff,0x87,0xa9,0x5a,0x8d,0x00,0x84,0x9c,
    0xff,0x87,0xad,0x00,0x84,0xc9,0xa5,0xd0,0x14,0xa9,0x01,0x8d,0xff,0x87,0xad,0x00,
    0x84,0xc9,0x5a,0xd0,0x08,0xad,0x0d,0x03,0x09,0x02,0x8d,0x0d,0x03,0xa9,0x01,0x8d,
    0xff,0x87,0x68,0x8d,0x00,0x84,0x9c,0xff,0x87,0x68,0x8d,0x00,0x84,0x60,0xa9,0x00,
    0x8d,0x01,0x9c,0xa9,0x40,0x8d,0x01,0x9c,0xa9,0xa5,0x8d,0x00,0x9c,0xa9,0x00,0x8d,
    0x01,0x9c,0xa9,0x00,0x8d,0x01,0x9c,0xad,0x00,0x9c,0xc9,0xa5,0xd0,0x17,0xad,0x0d,
    0x03,0x09,0x80,0x8d,0x0d,0x03,0xa9,0x00,0x8d,0x01,0x9c,0xa9,0x40,0x8d,0x01,0x9c,
    0xa9,0x00,0x8d,0x00,0x9c,0x60,0xa9,0xaa,0x8d,0x02,0x94,0xcd,0x02,0x94,0xd0,0x08,
    0xad,0x0d,0x03,0x09,0x20,0x8d,0x0d,0x03,0x9c,0x02,0x94,0x60,0x9c,0x01,0x90,0xa9,
    0x0a,0x8d,0x02,0x90,0xcd,0x02,0x90,0xd0,0x08,0xad,0x0d,0x03,0x09,0x10,0x8d,0x0d,
    0x03,0x60,0xa9,0xff,0x8d,0x0e,0x98,0x8d,0x0f,0x98,0xa9,0x81,0x8d,0x12,0x98,0xa0,
    0x00,0x88,0xd0,0xfd,0xad,0x1b,0x98,0xf0,0x0e,0xc9,0xff,0xf0,0x0a,0x48,0xad,0x0d,
    0x03,0x09,0x40,0x8d,0x0d,0x03,0x68,0x9c,0x12,0x98,0x9c,0x0e,0x98,0x9c,0x0f,0x98,
    0x60,0x9c,0x10,0x88,0xad,0x13,0x88,0x48,0xa9,0xa5,0x8d,0x13,0x88,0xcd,0x13,0x88,
    0xd0,0x18,0xad,0x0d,0x03,0x09,0x04,0x8d,0x0d,0x03,0x20,0xdd,0xa6,0xad,0x05,0x88,
    0x29,0x1f,0x09,0x40,0x8d,0x05,0x88,0x20,0xe6,0xa6,0x68,0x8d,0x13,0x88,0x60,0xad,
    0x0d,0x03,0x29,0x08,0xd0,0x02,0x38,0x60,0xa2,0x00,0xa0,0x00,0xad,0x07,0x8c,0x29,
    0x80,0xf0,0x08,0x88,0xd0,0xf6,0xca,0xd0,0xf3,0x38,0x60,0xad,0x07,0x8c,0x29,0x40,
    0xd0,0x08,0x88,0xd0,0xe7,0xca,0xd0,0xe4,0x38,0x60,0xad,0x07,0x8c,0x29,0x01,0xd0,
    0x02,0x18,0x60,0x38,0x60,0xa2,0x00,0xa0,0x00,0xad,0x07,0x8c,0x29,0x80,0xf0,0x08,
    0x88,0xd0,0xf6,0xca,0xd0,0xf3,0x38,0x60,0xad,0x07,0x8c,0x29,0x01,0xd0,0x11,0xad,
    0x07,0x8c,0x29,0x08,0xd0,0x08,0x88,0xd0,0xe0,0xca,0xd0,0xdd,0x38,0x60,0x18,0x60,
    0x38,0x60,0x20,0x28,0xa9,0xb0,0x15,0xad,0x0d,0x03,0x09,0x08,0x8d,0x0d,0x03,0xa9,
    0x01,0x8d,0x01,0x8c,0xa9,0xef,0x8d,0x07,0x8c,0x20,0x72,0xa0,0x60,0xa9,0x01,0x8d,
    0x02,0x8c,0xad,0x0f,0x03,0x4a,0x4a,0x4a,0x4a,0x4a,0xaa,0xa5,0x26,0x8d,0x03,0x8c,
    0xad,0x0f,0x03,0x0a,0x0a,0x0a,0x18,0x65,0x27,0x8d,0x04,0x8c,0x8a,0x65,0x28,0x8d,
    0x05,0x8c,0xa5,0x29,0x69,0x00,0x29,0x0f,0x09,0xe0,0x8d,0x06,0x8c,0x60,0x20,0x72,
    0xa0,0xb0,0x1f,0x20,0x9d,0xa9,0xa9,0x20,0x8d,0x07,0x8c,0x20,0x55,0xa9,0xb0,0x12,
    0xa0,0x00,0xa2,0x02,0xad,0x00,0x8c,0x91,0x24,0xc8,0xd0,0xf8,0xe6,0x25,0xca,0xd0,
    0xf3,0x18,0x60,0x20,0x72,0xa0,0xb0,0x21,0x20,0x9d,0xa9,0xa9,0x30,0x8d,0x07,0x8c,
    0x20,0x55,0xa9,0xb0,0x14,0xa0,0x00,0xa2,0x02,0xb1,0x24,0x8d,0x00,0x8c,0xc8,0xd0,
    0xf8,0xe6,0x25,0xca,0xd0,0xf3,0x20,0x72,0xa0,0x60,0xa9,0x20,0xa2,0x0a,0x9d,0x50,
    0x03,0xca,0x10,0xfa,0xa0,0x00,0xa2,0x00,0xb1,0x02,0xf0,0x35,0xc9,0x2e,0xf0,0x15,
    0xe0,0x08,0xb0,0x0e,0xc9,0x61,0x90,0x06,0xc9,0x7b,0xb0,0x02,0x29,0xdf,0x9d,0x50,
    0x03,0xe8,0xc8,0x80,0xe3,0xc8,0xa2,0x08,0xb1,0x02,0xf0,0x15,0xe0,0x0b,0xb0,0x11,
    0xc9,0x61,0x90,0x06,0xc9,0x7b,0xb0,0x02,0x29,0xdf,0x9d,0x50,0x03,0xe8,0xc8,0x80,
    0xe7,0x60,0x64,0x26,0x64,0x27,0x64,0x28,0x64,0x29,0xa9,0x00,0x85,0x24,0xa9,0x06,
    0x85,0x25,0x4c,0x6c,0xa0,0x64,0x26,0x64,0x27,0x64,0x28,0x64,0x29,0xa9,0x00,0x85,
    0x24,0xa9,0x06,0x85,0x25,0x4c,0x6f,0xa0,0xa9,0x00,0x85,0x24,0xa9,0x06,0x85,0x25,
    0xa2,0x00,0xa0,0x0b,0xb1,0x24,0x29,0x01,0xf0,0x13,0xa0,0x00,0xb1,0x24,0xd9,0x50,
    0x03,0xd0,0x0a,0xc8,0xc0,0x0b,0xd0,0xf4,0x8e,0x4d,0x03,0x18,0x60,0xa5,0x24,0x18,
    0x69,0x20,0x85,0x24,0x90,0x02,0xe6,0x25,0xe8,0xe0,0x10,0xd0,0xd5,0x38,0x60,0xa9,
    0x00,0x85,0x24,0xa9,0x06,0x85,0x25,0xa2,0x00,0xa0,0x0b,0xb1,0x24,0x29,0x01,0xf0,
    0x12,0xa5,0x24,0x18,0x69,0x20,0x85,0x24,0x90,0x02,0xe6,0x25,0xe8,0xe0,0x10,0xd0,
    0xe8,0x38,0x60,0x8e,0x4d,0x03,0x18,0x60,0xa9,0x01,0x8d,0x4e,0x03,0xa9,0x00,0x8d,
    0x4f,0x03,0xa9,0x00,0x85,0x24,0xa9,0x06,0x85,0x25,0xa2,0x00,0xa0,0x0b,0xb1,0x24,
    0x29,0x01,0xf0,0x5d,0xa0,0x0c,0xb1,0x24,0x8d,0x48,0x03,0xc8,0xb1,0x24,0x8d,0x49,
    0x03,0xa0,0x0e,0xb1,0x24,0x8d,0x4a,0x03,0xc8,0xb1,0x24,0x8d,0x4b,0x03,0xad,0x4b,
    0x03,0x4a,0x8d,0x4c,0x03,0xad,0x4b,0x03,0x29,0x01,0xd0,0x05,0xad,0x4a,0x03,0xf0,
    0x03,0xee,0x4c,0x03,0xad,0x48,0x03,0x18,0x6d,0x4c,0x03,0x8d,0x4c,0x03,0xad,0x49,
    0x03,0x69,0x00,0x8d,0x4d,0x03,0xcd,0x4f,0x03,0x90,0x16,0xd0,0x08,0xad,0x4c,0x03,
    0xcd,0x4e,0x03,0x90,0x0c,0xad,0x4c,0x03,0x8d,0x4e,0x03,0xad,0x4d,0x03,0x8d,0x4f,
    0x03,0xa5,0x24,0x18,0x69,0x20,0x85,0x24,0x90,0x02,0xe6,0x25,0xe8,0xe0,0x10,0xd0,
    0x8b,0x60,0x20,0x62,0xaa,0x90,0x01,0x60,0x20,0x4e,0xac,0xa9,0x00,0x85,0x24,0xa9,
    0x06,0x85,0x25,0xa2,0x00,0xda,0xa0,0x0b,0xb1,0x24,0x29,0x01,0xf0,0x3a,0xa0,0x00,
    0xb1,0x24,0x20,0x00,0xa0,0xc8,0xc0,0x08,0xd0,0xf6,0xa9,0x2e,0x20,0x00,0xa0,0xb1,
    0x24,0x20,0x00,0xa0,0xc8,0xc0,0x0b,0xd0,0xf6,0xa9,0x20,0x20,0x00,0xa0,0xa0,0x0e,
    0xb1,0x24,0x8d,0x4a,0x03,0xc8,0xb1,0x24,0x8d,0x4b,0x03,0x20,0xe0,0xab,0xa9,0x0d,
    0x20,0x00,0xa0,0xa9,0x0a,0x20,0x00,0xa0,0xa5,0x24,0x18,0x69,0x20,0x85,0x24,0x90,
    0x02,0xe6,0x25,0xfa,0xe8,0xe0,0x10,0xd0,0xac,0x60,0x8d,0x4a,0x03,0x8e,0x4b,0x03,
    0xa2,0x00,0xa0,0x00,0xa9,0x2f,0x8d,0x4d,0x03,0xee,0x4d,0x03,0xad,0x4a,0x03,0x38,
    0xf9,0x23,0xac,0x48,0xad,0x4b,0x03,0xf9,0x27,0xac,0x90,0x09,0x8d,0x4b,0x03,0x68,
    0x8d,0x4a,0x03,0x80,0xe4,0x68,0xad,0x4d,0x03,0xc9,0x30,0xd0,0x04,0xe0,0x00,0xf0,
    0x04,0x20,0x00,0xa0,0xe8,0xc8,0xc0,0x04,0xd0,0xca,0xad,0x4a,0x03,0x09,0x30,0x20,
    0x00,0xa0,0x60,0x10,0xe8,0x64,0x0a,0x27,0x03,0x00,0x00,0x8d,0x0f,0x03,0x60,0xad,
    0x0f,0x03,0x60,0xa9,0x00,0x85,0x24,0xa9,0x06,0x85,0x25,0xa0,0x00,0xa2,0x02,0xa9,
    0x00,0x91,0x24,0xc8,0xd0,0xfb,0xe6,0x25,0xca,0xd0,0xf6,0x4c,0x75,0xaa,0xa0,0x00,
    0xb9,0x71,0xac,0xf0,0x06,0x20,0x00,0xa0,0xc8,0x80,0xf5,0xad,0x0f,0x03,0x8d,0x4a,
    0x03,0x9c,0x4b,0x03,0x20,0xe0,0xab,0xa9,0x0d,0x20,0x00,0xa0,0xa9,0x0a,0x4c,0x00,
    0xa0,0x44,0x49,0x53,0x4b,0x20,0x00,0x7e,0xac,0x85,0xac,0xaa,0xac,0xdf,0xac,0x20,
    0x1d,0xe2,0x8e,0x0f,0x03,0x60,0xa9,0x08,0x20,0x26,0xe7,0x20,0x3a,0xe7,0xa5,0x12,
    0x8d,0x7f,0x03,0xa5,0x11,0x8d,0x80,0x03,0x20,0x42,0xd1,0x20,0x7e,0xe7,0x20,0x7e,
    0xa0,0xb0,0x01,0x60,0xa9,0xd4,0xa0,0xea,0x4c,0x90,0xa0,0xa9,0x08,0x20,0x26,0xe7,
    0x20,0x3a,0xe7,0xa5,0x12,0x8d,0x7f,0x03,0xa5,0x11,0x8d,0x80,0x03,0x20,0x42,0xd1,
    0x20,0x3a,0xe7,0xa5,0x12,0x8d,0x4a,0x03,0xa5,0x11,0x8d,0x4b,0x03,0x20,0x42,0xd1,
    0x20,0x7e,0xe7,0x20,0x81,0xa0,0xb0,0x01,0x60,0xa9,0xe2,0xa0,0xea,0x4c,0x90,0xa0,
    0xa9,0x08,0x20,0x26,0xe7,0xa9,0x13,0xa0,0xad,0x20,0x90,0xa0,0xad,0x0f,0x03,0x8d,
    0x4a,0x03,0x9c,0x4b,0x03,0x20,0xe0,0xab,0xa9,0x1f,0xa0,0xad,0x20,0x90,0xa0,0x20,
    0x03,0xa0,0x90,0xfb,0x29,0xdf,0x48,0x20,0x93,0xa0,0x68,0xc9,0x59,0xd0,0x03,0x4c,
    0x84,0xa0,0x60,0x45,0x52,0x41,0x53,0x45,0x20,0x44,0x49,0x53,0x4b,0x20,0x00,0x3f,
    0x20,0x28,0x59,0x2f,0x4e,0x29,0x20,0x00,0xa9,0x00,0x8d,0x7f,0x03,0xa9,0x08,0x8d,
    0x80,0x03,0x20,0x1a,0xaa,0x20,0x62,0xaa,0xb0,0x65,0x20,0x88,0xaa,0xb0,0x60,0xa0,
    0x0c,0xb1,0x24,0x8d,0x48,0x03,0xc8,0xb1,0x24,0x8d,0x49,0x03,0xa0,0x0e,0xb1,0x24,
    0x8d,0x4a,0x03,0xc8,0xb1,0x24,0x8d,0x4b,0x03,0xad,0x4b,0x03,0x4a,0x8d,0x4c,0x03,
    0xad,0x4b,0x03,0x29,0x01,0xd0,0x05,0xad,0x4a,0x03,0xf0,0x03,0xee,0x4c,0x03,0xad,
    0x48,0x03,0x85,0x26,0xad,0x49,0x03,0x85,0x27,0x64,0x28,0x64,0x29,0xad,0x7f,0x03,
    0x85,0x24,0xad,0x80,0x03,0x85,0x25,0xae,0x4c,0x03,0xf0,0x10,0xda,0x20,0x6c,0xa0,
    0xb0,0x0c,0xe6,0x26,0xd0,0x02,0xe6,0x27,0xfa,0xca,0xd0,0xf0,0x18,0x60,0xfa,0x38,
    0x60,0xa9,0x00,0x8d,0x7f,0x03,0xa9,0x08,0x8d,0x80,0x03,0x20,0x1a,0xaa,0x20,0x62,
    0xaa,0x90,0x03,0x4c,0x8f,0xae,0x20,0x88,0xaa,0x90,0x08,0x20,0xbf,0xaa,0x90,0x11,
    0x4c,0x8f,0xae,0xa0,0x0b,0xa9,0x00,0x91,0x24,0x20,0xbf,0xaa,0x90,0x03,0x4c,0x8f,
    0xae,0xa5,0x24,0x48,0xa5,0x25,0x48,0xad,0x4a,0x03,0x48,0xad,0x4b,0x03,0x48,0x20,
    0xe8,0xaa,0x68,0x8d,0x4b,0x03,0x68,0x8d,0x4a,0x03,0x68,0x85,0x25,0x68,0x85,0x24,
    0xad,0x4b,0x03,0x4a,0x8d,0x4c,0x03,0xad,0x4b,0x03,0x29,0x01,0xd0,0x05,0xad,0x4a,
    0x03,0xf0,0x03,0xee,0x4c,0x03,0xad,0x4e,0x03,0x18,0x6d,0x4c,0x03,0xa8,0xad,0x4f,
    0x03,0x69,0x00,0xc9,0x08,0x90,0x08,0xd0,0x03,0x98,0xf0,0x03,0x4c,0x8f,0xae,0xa0,
    0x00,0xb9,0x50,0x03,0x91,0x24,0xc8,0xc0,0x0b,0xd0,0xf6,0xa9,0x01,0x91,0x24,0xa0,
    0x0c,0xad,0x4e,0x03,0x91,0x24,0x8d,0x48,0x03,0xc8,0xad,0x4f,0x03,0x91,0x24,0x8d,
    0x49,0x03,0xa0,0x0e,0xad,0x4a,0x03,0x91,0x24,0xc8,0xad,0x4b,0x03,0x91,0x24,0xa0,
    0x10,0xa9,0x00,0x91,0x24,0xc8,0xc0,0x20,0xd0,0xf9,0x20,0x75,0xaa,0xb0,0x30,0xad,
    0x48,0x03,0x85,0x26,0xad,0x49,0x03,0x85,0x27,0x64,0x28,0x64,0x29,0xad,0x7f,0x03,
    0x85,0x24,0xad,0x80,0x03,0x85,0x25,0xae,0x4c,0x03,0xf0,0x10,0xda,0x20,0x6f,0xa0,
    0xb0,0x0c,0xe6,0x26,0xd0,0x02,0xe6,0x27,0xfa,0xca,0xd0,0xf0,0x18,0x60,0xfa,0x38,
    0x60,0x20,0x1a,0xaa,0x20,0x62,0xaa,0xb0,0x0f,0x20,0x88,0xaa,0xb0,0x0a,0xa0,0x0b,
    0xa9,0x00,0x91,0x24,0x20,0x75,0xaa,0x60,0x38,0x60,0xda,0x5a,0xa2,0x00,0xa0,0x00,
    0xad,0x01,0x90,0x29,0x08,0xd0,0x0a,0x88,0xd0,0xf6,0xca,0xd0,0xf1,0x7a,0xfa,0x38,
    0x60,0xad,0x00,0x90,0x7a,0xfa,0x18,0x60,0x20,0x0c,0xa0,0xf0,0x05,0x20,0x09,0xa0,
    0x80,0xf6,0xad,0x01,0x90,0x29,0x08,0xf0,0x05,0xad,0x00,0x90,0x80,0xf4,0x60,0xad,
    0x06,0x03,0x8d,0x19,0x03,0xa9,0x01,0x8d,0x06,0x03,0xa9,0x0b,0x8d,0x02,0x90,0xa9,
    0x01,0x85,0x36,0x9c,0x17,0x03,0x9c,0x18,0x03,0xa9,0x3c,0x85,0x38,0xa2,0x00,0xbd,
    0xdc,0xb0,0xf0,0x06,0x20,0x00,0xa0,0xe8,0x80,0xf5,0x20,0xc8,0xae,0xa9,0x15,0x20,
    0x51,0xa0,0x20,0xaa,0xae,0xb0,0x0e,0xc9,0x01,0xf0,0x3e,0xc9,0x04,0xf0,0x11,0xc9,
    0x18,0xf0,0x1f,0x80,0xed,0xc6,0x38,0xf0,0x19,0xa9,0x15,0x20,0x51,0xa0,0x80,0xe2,
    0xa9,0x06,0x20,0x51,0xa0,0xa9,0x09,0x8d,0x02,0x90,0xad,0x19,0x03,0x8d,0x06,0x03,
    0x18,0x60,0xa9,0x18,0x20,0x51,0xa0,0xa9,0x18,0x20,0x51,0xa0,0xa9,0x09,0x8d,0x02,
    0x90,0xad,0x19,0x03,0x8d,0x06,0x03,0x38,0x60,0xa9,0x0a,0x85,0x38,0x20,0xaa,0xae,
    0xb0,0x6b,0x85,0x39,0x20,0xaa,0xae,0xb0,0x64,0x18,0x65,0x39,0xc9,0xff,0xd0,0x5d,
    0x64,0x37,0xa0,0x00,0x20,0xaa,0xae,0xb0,0x54,0x91,0x2a,0x18,0x65,0x37,0x85,0x37,
    0xc8,0xc0,0x80,0xd0,0xef,0x20,0xaa,0xae,0xb0,0x43,0xc5,0x37,0xd0,0x3f,0xa5,0x39,
    0xc5,0x36,0xd0,0x28,0x18,0xa5,0x2a,0x69,0x80,0x85,0x2a,0xa5,0x2b,0x69,0x00,0x85,
    0x2b,0x18,0xad,0x17,0x03,0x69,0x80,0x8d,0x17,0x03,0xad,0x18,0x03,0x69,0x00,0x8d,
    0x18,0x03,0xe6,0x36,0xa9,0x06,0x20,0x51,0xa0,0x4c,0x12,0xaf,0xa5,0x36,0x38,0xe9,
    0x01,0xc5,0x39,0xd0,0x08,0xa9,0x06,0x20,0x51,0xa0,0x4c,0x12,0xaf,0x20,0xc8,0xae,
    0xa9,0x15,0x20,0x51,0xa0,0x4c,0x12,0xaf,0xad,0x06,0x03,0x8d,0x19,0x03,0xa9,0x01,
    0x8d,0x06,0x03,0xa9,0x0b,0x8d,0x02,0x90,0xa9,0x01,0x85,0x36,0xa9,0x3c,0x85,0x38,
    0xa2,0x00,0xbd,0xee,0xb0,0xf0,0x06,0x20,0x00,0xa0,0xe8,0x80,0xf5,0x20,0xc8,0xae,
    0x20,0xaa,0xae,0xb0,0x11,0xc9,0x15,0xf0,0x16,0xc9,0x43,0xf0,0x12,0xc9,0x18,0xd0,
    0x03,0x4c,0xba,0xb0,0x80,0xea,0xc6,0x38,0xd0,0x03,0x4c,0xba,0xb0,0x80,0xe1,0xad,
    0x17,0x03,0x0d,0x18,0x03,0xd0,0x03,0x4c,0xc7,0xb0,0xa9,0x0a,0x85,0x38,0xa5,0x2b,
    0x48,0xa5,0x2a,0x48,0xad,0x18,0x03,0x48,0xad,0x17,0x03,0x48,0xa9,0x01,0x20,0x51,
    0xa0,0xa5,0x36,0x20,0x51,0xa0,0x49,0xff,0x20,0x51,0xa0,0x64,0x37,0xa0,0x00,0xa2,
    0x80,0xad,0x17,0x03,0x0d,0x18,0x03,0xf0,0x20,0xb1,0x2a,0x20,0x51,0xa0,0x18,0x65,
    0x37,0x85,0x37,0xe6,0x2a,0xd0,0x02,0xe6,0x2b,0xad,0x17,0x03,0xd0,0x03,0xce,0x18,
    0x03,0xce,0x17,0x03,0xca,0xd0,0xda,0x80,0x0d,0xa9,0x1a,0x20,0x51,0xa0,0x18,0x65,
    0x37,0x85,0x37,0xca,0xd0,0xf3,0xa5,0x37,0x20,0x51,0xa0,0x20,0xaa,0xae,0xb0,0x08,
    0xc9,0x06,0xf0,0x19,0xc9,0x18,0xf0,0x1e,0x68,0x8d,0x17,0x03,0x68,0x8d,0x18,0x03,
    0x68,0x85,0x2a,0x68,0x85,0x2b,0xc6,0x38,0xf0,0x10,0x4c,0x2e,0xb0,0x68,0x68,0x68,
    0x68,0xe6,0x36,0x4c,0x1f,0xb0,0x68,0x68,0x68,0x68,0xa9,0x09,0x8d,0x02,0x90,0xad,
    0x19,0x03,0x8d,0x06,0x03,0x38,0x60,0xa9,0x04,0x20,0x51,0xa0,0x20,0xaa,0xae,0xa9,
    0x09,0x8d,0x02,0x90,0xad,0x19,0x03,0x8d,0x06,0x03,0x18,0x60,0x58,0x4d,0x4f,0x44,
    0x45,0x4d,0x20,0x52,0x58,0x20,0x52,0x45,0x41,0x44,0x59,0x0d,0x0a,0x00,0x58,0x4d,
    0x4f,0x44,0x45,0x4d,0x20,0x54,0x58,0x20,0x52,0x45,0x41,0x44,0x59,0x0d,0x0a,0x00,
    0xad,0x0d,0x03,0x29,0x80,0xd0,0x14,0xa9,0x43,0xa0,0xb1,0x20,0x90,0xa0,0x20,0x93,
    0xa0,0xa9,0x58,0xa0,0xb1,0x20,0x90,0xa0,0x4c,0x93,0xa0,0x20,0x18,0xa0,0xa2,0x0a,
    0xa0,0x0a,0x20,0x1e,0xa0,0xa9,0x43,0x85,0x02,0xa9,0xb1,0x85,0x03,0x20,0x05,0xa3,
    0xa2,0x08,0xa0,0x0c,0x20,0x1e,0xa0,0xa9,0x58,0x85,0x02,0xa9,0xb1,0x85,0x03,0x20,
    0x05,0xa3,0x60,0x2d,0x2d,0x20,0x36,0x35,0x30,0x32,0x20,0x42,0x49,0x4f,0x53,0x20,
    0x76,0x31,0x2e,0x35,0x20,0x2d,0x2d,0x00,0x45,0x4e,0x54,0x45,0x52,0x3d,0x42,0x41,
    0x53,0x49,0x43,0x20,0x20,0x45,0x53,0x43,0x3d,0x4d,0x4f,0x4e,0x49,0x54,0x4f,0x52,
    0x00,0x40,0x8d,0x13,0x03,0x8e,0x14,0x03,0x8c,0x15,0x03,0xba,0x8e,0x16,0x03,0x68,
    0x8d,0x10,0x03,0x68,0x8d,0x11,0x03,0x68,0x8d,0x12,0x03,0x4c,0x03,0xee,0x48,0x5a,
    0xda,0xba,0xbd,0x04,0x01,0x29,0x10,0xd0,0x47,0xad,0x0d,0x03,0x29,0x10,0xf0,0x19,
    0xad,0x01,0x90,0x29,0x80,0xf0,0x12,0xad,0x00,0x90,0x20,0x06,0xa0,0x20,0x0c,0xa0,
    0xc9,0xf0,0x90,0x05,0xa9,0x01,0x8d,0x02,0x90,0xad,0x0d,0x03,0x29,0x20,0xf0,0x1c,
    0xad,0x0d,0x94,0x29,0x10,0xf0,0x08,0xad,0x00,0x94,0x20,0x06,0xa0,0x80,0x0d,0xad,
    0x0d,0x94,0x29,0x02,0xf0,0x06,0xad,0x01,0x94,0x20,0x06,0xa0,0xfa,0x7a,0x68,0x40,
    0xfa,0x7a,0x68,0x58,0x6c,0x02,0x03,0x6c,0x04,0x03,0x4c,0x42,0xa4,0x6c,0x00,0x03,
    0x00,0x00,0x00,0x00,0x00,0x00,0x00,0x00,0x00,0x00,0x00,0x00,0x00,0x00,0x00,0x00,
    0x00,0x00,0x00,0x00,0x00,0x00,0x00,0x00,0x00,0x00,0x00,0x00,0x00,0x00,0x00,0x00,
    0x00,0x00,0x00,0x00,0x00,0x00,0x00,0x00,0x00,0x00,0x00,0x00,0x00,0x00,0x00,0x00,
    0x00,0x00,0x00,0x00,0x00,0x00,0x00,0x00,0x00,0x00,0x00,0x00,0x00,0x00,0x00,0x00,
    0x00,0x00,0x00,0x00,0x00,0x00,0x00,0x00,0x00,0x00,0x00,0x00,0x00,0x00,0x00,0x00,
    0x00,0x00,0x00,0x00,0x00,0x00,0x00,0x00,0x00,0x00,0x00,0x00,0x00,0x00,0x00,0x00,
    0x00,0x00,0x00,0x00,0x00,0x00,0x00,0x00,0x00,0x00,0x00,0x00,0x00,0x00,0x00,0x00,
    0x00,0x00,0x00,0x00,0x00,0x00,0x00,0x00,0x00,0x00,0x00,0x00,0x00,0x00,0x00,0x00,
    0x00,0x00,0x00,0x00,0x00,0x00,0x00,0x00,0x00,0x00,0x00,0x00,0x00,0x00,0x00,0x00,
    0x00,0x00,0x00,0x00,0x00,0x00,0x00,0x00,0x00,0x00,0x00,0x00,0x00,0x00,0x00,0x00,
    0x00,0x00,0x00,0x00,0x00,0x00,0x00,0x00,0x00,0x00,0x00,0x00,0x00,0x00,0x00,0x00,
    0x00,0x00,0x00,0x00,0x00,0x00,0x00,0x00,0x00,0x00,0x00,0x00,0x00,0x00,0x00,0x00,
    0x00,0x00,0x00,0x00,0x00,0x00,0x00,0x00,0x00,0x00,0x00,0x00,0x00,0x00,0x00,0x00,
    0x00,0x00,0x00,0x00,0x00,0x00,0x00,0x00,0x00,0x00,0x00,0x00,0x00,0x00,0x00,0x00,
    0x00,0x00,0x00,0x00,0x00,0x00,0x00,0x00,0x00,0x00,0x00,0x00,0x00,0x00,0x00,0x00,
    0x00,0x00,0x00,0x00,0x00,0x00,0x00,0x00,0x00,0x00,0x00,0x00,0x00,0x00,0x00,0x00,
    0x00,0x00,0x00,0x00,0x00,0x00,0x00,0x00,0x00,0x00,0x00,0x00,0x00,0x00,0x00,0x00,
    0x00,0x00,0x00,0x00,0x00,0x00,0x00,0x00,0x00,0x00,0x00,0x00,0x00,0x00,0x00,0x00,
    0x00,0x00,0x00,0x00,0x00,0x00,0x00,0x00,0x00,0x00,0x00,0x00,0x00,0x00,0x00,0x00,
    0x00,0x00,0x00,0x00,0x00,0x00,0x00,0x00,0x00,0x00,0x00,0x00,0x00,0x00,0x00,0x00,
    0x00,0x00,0x00,0x00,0x00,0x00,0x00,0x00,0x00,0x00,0x00,0x00,0x00,0x00,0x00,0x00,
    0x00,0x00,0x00,0x00,0x00,0x00,0x00,0x00,0x00,0x00,0x00,0x00,0x00,0x00,0x00,0x00,
    0x00,0x00,0x00,0x00,0x00,0x00,0x00,0x00,0x00,0x00,0x00,0x00,0x00,0x00,0x00,0x00,
    0x00,0x00,0x00,0x00,0x00,0x00,0x00,0x00,0x00,0x00,0x00,0x00,0x00,0x00,0x00,0x00,
    0x00,0x00,0x00,0x00,0x00,0x00,0x00,0x00,0x00,0x00,0x00,0x00,0x00,0x00,0x00,0x00,
    0x00,0x00,0x00,0x00,0x00,0x00,0x00,0x00,0x00,0x00,0x00,0x00,0x00,0x00,0x00,0x00,
    0x00,0x00,0x00,0x00,0x00,0x00,0x00,0x00,0x00,0x00,0x00,0x00,0x00,0x00,0x00,0x00,
    0x00,0x00,0x00,0x00,0x00,0x00,0x00,0x00,0x00,0x00,0x00,0x00,0x00,0x00,0x00,0x00,
    0x00,0x00,0x00,0x00,0x00,0x00,0x00,0x00,0x00,0x00,0x00,0x00,0x00,0x00,0x00,0x00,
    0x00,0x00,0x00,0x00,0x00,0x00,0x00,0x00,0x00,0x00,0x00,0x00,0x00,0x00,0x00,0x00,
    0x00,0x00,0x00,0x00,0x00,0x00,0x00,0x00,0x00,0x00,0x00,0x00,0x00,0x00,0x00,0x00,
    0x00,0x00,0x00,0x00,0x00,0x00,0x00,0x00,0x00,0x00,0x00,0x00,0x00,0x00,0x00,0x00,
    0x00,0x00,0x00,0x00,0x00,0x00,0x00,0x00,0x00,0x00,0x00,0x00,0x00,0x00,0x00,0x00,
    0x00,0x00,0x00,0x00,0x00,0x00,0x00,0x00,0x00,0x00,0x00,0x00,0x00,0x00,0x00,0x00,
    0x00,0x00,0x00,0x00,0x00,0x00,0x00,0x00,0x00,0x00,0x00,0x00,0x00,0x00,0x00,0x00,
    0x00,0x00,0x00,0x00,0x00,0x00,0x00,0x00,0x00,0x00,0x00,0x00,0x00,0x00,0x00,0x00,
    0x00,0x00,0x00,0x00,0x00,0x00,0x00,0x00,0x00,0x00,0x00,0x00,0x00,0x00,0x00,0x00,
    0x00,0x00,0x00,0x00,0x00,0x00,0x00,0x00,0x00,0x00,0x00,0x00,0x00,0x00,0x00,0x00,
    0x00,0x00,0x00,0x00,0x00,0x00,0x00,0x00,0x00,0x00,0x00,0x00,0x00,0x00,0x00,0x00,
    0x00,0x00,0x00,0x00,0x00,0x00,0x00,0x00,0x00,0x00,0x00,0x00,0x00,0x00,0x00,0x00,
    0x00,0x00,0x00,0x00,0x00,0x00,0x00,0x00,0x00,0x00,0x00,0x00,0x00,0x00,0x00,0x00,
    0x00,0x00,0x00,0x00,0x00,0x00,0x00,0x00,0x00,0x00,0x00,0x00,0x00,0x00,0x00,0x00,
    0x00,0x00,0x00,0x00,0x00,0x00,0x00,0x00,0x00,0x00,0x00,0x00,0x00,0x00,0x00,0x00,
    0x00,0x00,0x00,0x00,0x00,0x00,0x00,0x00,0x00,0x00,0x00,0x00,0x00,0x00,0x00,0x00,
    0x00,0x00,0x00,0x00,0x00,0x00,0x00,0x00,0x00,0x00,0x00,0x00,0x00,0x00,0x00,0x00,
    0x00,0x00,0x00,0x00,0x00,0x00,0x00,0x00,0x00,0x00,0x00,0x00,0x00,0x00,0x00,0x00,
    0x00,0x00,0x00,0x00,0x00,0x00,0x00,0x00,0x00,0x00,0x00,0x00,0x00,0x00,0x00,0x00,
    0x00,0x00,0x00,0x00,0x00,0x00,0x00,0x00,0x00,0x00,0x00,0x00,0x00,0x00,0x00,0x00,
    0x00,0x00,0x00,0x00,0x00,0x00,0x00,0x00,0x00,0x00,0x00,0x00,0x00,0x00,0x00,0x00,
    0x00,0x00,0x00,0x00,0x00,0x00,0x00,0x00,0x00,0x00,0x00,0x00,0x00,0x00,0x00,0x00,
    0x00,0x00,0x00,0x00,0x00,0x00,0x00,0x00,0x00,0x00,0x00,0x00,0x00,0x00,0x00,0x00,
    0x00,0x00,0x00,0x00,0x00,0x00,0x00,0x00,0x00,0x00,0x00,0x00,0x00,0x00,0x00,0x00,
    0x00,0x00,0x00,0x00,0x00,0x00,0x00,0x00,0x00,0x00,0x00,0x00,0x00,0x00,0x00,0x00,
    0x00,0x00,0x00,0x00,0x00,0x00,0x00,0x00,0x00,0x00,0x00,0x00,0x00,0x00,0x00,0x00,
    0x00,0x00,0x00,0x00,0x00,0x00,0x00,0x00,0x00,0x00,0x00,0x00,0x00,0x00,0x00,0x00,
    0x00,0x00,0x00,0x00,0x00,0x00,0x00,0x00,0x00,0x00,0x00,0x00,0x00,0x00,0x00,0x00,
    0x00,0x00,0x00,0x00,0x00,0x00,0x00,0x00,0x00,0x00,0x00,0x00,0x00,0x00,0x00,0x00,
    0x00,0x00,0x00,0x00,0x00,0x00,0x00,0x00,0x00,0x00,0x00,0x00,0x00,0x00,0x00,0x00,
    0x00,0x00,0x00,0x00,0x00,0x00,0x00,0x00,0x00,0x00,0x00,0x00,0x00,0x00,0x00,0x00,
    0x00,0x00,0x00,0x00,0x00,0x00,0x00,0x00,0x00,0x00,0x00,0x00,0x00,0x00,0x00,0x00,
    0x00,0x00,0x00,0x00,0x00,0x00,0x00,0x00,0x00,0x00,0x00,0x00,0x00,0x00,0x00,0x00,
    0x00,0x00,0x00,0x00,0x00,0x00,0x00,0x00,0x00,0x00,0x00,0x00,0x00,0x00,0x00,0x00,
    0x00,0x00,0x00,0x00,0x00,0x00,0x00,0x00,0x00,0x00,0x00,0x00,0x00,0x00,0x00,0x00,
    0x00,0x00,0x00,0x00,0x00,0x00,0x00,0x00,0x00,0x00,0x00,0x00,0x00,0x00,0x00,0x00,
    0x00,0x00,0x00,0x00,0x00,0x00,0x00,0x00,0x00,0x00,0x00,0x00,0x00,0x00,0x00,0x00,
    0x00,0x00,0x00,0x00,0x00,0x00,0x00,0x00,0x00,0x00,0x00,0x00,0x00,0x00,0x00,0x00,
    0x00,0x00,0x00,0x00,0x00,0x00,0x00,0x00,0x00,0x00,0x00,0x00,0x00,0x00,0x00,0x00,
    0x00,0x00,0x00,0x00,0x00,0x00,0x00,0x00,0x00,0x00,0x00,0x00,0x00,0x00,0x00,0x00,
    0x00,0x00,0x00,0x00,0x00,0x00,0x00,0x00,0x00,0x00,0x00,0x00,0x00,0x00,0x00,0x00,
    0x00,0x00,0x00,0x00,0x00,0x00,0x00,0x00,0x00,0x00,0x00,0x00,0x00,0x00,0x00,0x00,
    0x00,0x00,0x00,0x00,0x00,0x00,0x00,0x00,0x00,0x00,0x00,0x00,0x00,0x00,0x00,0x00,
    0x00,0x00,0x00,0x00,0x00,0x00,0x00,0x00,0x00,0x00,0x00,0x00,0x00,0x00,0x00,0x00,
    0x00,0x00,0x00,0x00,0x00,0x00,0x00,0x00,0x00,0x00,0x00,0x00,0x00,0x00,0x00,0x00,
    0x00,0x00,0x00,0x00,0x00,0x00,0x00,0x00,0x00,0x00,0x00,0x00,0x00,0x00,0x00,0x00,
    0x00,0x00,0x00,0x00,0x00,0x00,0x00,0x00,0x00,0x00,0x00,0x00,0x00,0x00,0x00,0x00,
    0x00,0x00,0x00,0x00,0x00,0x00,0x00,0x00,0x00,0x00,0x00,0x00,0x00,0x00,0x00,0x00,
    0x00,0x00,0x00,0x00,0x00,0x00,0x00,0x00,0x00,0x00,0x00,0x00,0x00,0x00,0x00,0x00,
    0x00,0x00,0x00,0x00,0x00,0x00,0x00,0x00,0x00,0x00,0x00,0x00,0x00,0x00,0x00,0x00,
    0x00,0x00,0x00,0x00,0x00,0x00,0x00,0x00,0x00,0x00,0x00,0x00,0x00,0x00,0x00,0x00,
    0x00,0x00,0x00,0x00,0x00,0x00,0x00,0x00,0x00,0x00,0x00,0x00,0x00,0x00,0x00,0x00,
    0x00,0x00,0x00,0x00,0x00,0x00,0x00,0x00,0x00,0x00,0x00,0x00,0x00,0x00,0x00,0x00,
    0x00,0x00,0x00,0x00,0x00,0x00,0x00,0x00,0x00,0x00,0x00,0x00,0x00,0x00,0x00,0x00,
    0x00,0x00,0x00,0x00,0x00,0x00,0x00,0x00,0x00,0x00,0x00,0x00,0x00,0x00,0x00,0x00,
    0x00,0x00,0x00,0x00,0x00,0x00,0x00,0x00,0x00,0x00,0x00,0x00,0x00,0x00,0x00,0x00,
    0x00,0x00,0x00,0x00,0x00,0x00,0x00,0x00,0x00,0x00,0x00,0x00,0x00,0x00,0x00,0x00,
    0x00,0x00,0x00,0x00,0x00,0x00,0x00,0x00,0x00,0x00,0x00,0x00,0x00,0x00,0x00,0x00,
    0x00,0x00,0x00,0x00,0x00,0x00,0x00,0x00,0x00,0x00,0x00,0x00,0x00,0x00,0x00,0x00,
    0x00,0x00,0x00,0x00,0x00,0x00,0x00,0x00,0x00,0x00,0x00,0x00,0x00,0x00,0x00,0x00,
    0x00,0x00,0x00,0x00,0x00,0x00,0x00,0x00,0x00,0x00,0x00,0x00,0x00,0x00,0x00,0x00,
    0x00,0x00,0x00,0x00,0x00,0x00,0x00,0x00,0x00,0x00,0x00,0x00,0x00,0x00,0x00,0x00,
    0x00,0x00,0x00,0x00,0x00,0x00,0x00,0x00,0x00,0x00,0x00,0x00,0x00,0x00,0x00,0x00,
    0x00,0x00,0x00,0x00,0x00,0x00,0x00,0x00,0x00,0x00,0x00,0x00,0x00,0x00,0x00,0x00,
    0x00,0x00,0x00,0x00,0x00,0x00,0x00,0x00,0x00,0x00,0x00,0x00,0x00,0x00,0x00,0x00,
    0x00,0x00,0x00,0x00,0x00,0x00,0x00,0x00,0x00,0x00,0x00,0x00,0x00,0x00,0x00,0x00,
    0x00,0x00,0x00,0x00,0x00,0x00,0x00,0x00,0x00,0x00,0x00,0x00,0x00,0x00,0x00,0x00,
    0x00,0x00,0x00,0x00,0x00,0x00,0x00,0x00,0x00,0x00,0x00,0x00,0x00,0x00,0x00,0x00,
    0x00,0x00,0x00,0x00,0x00,0x00,0x00,0x00,0x00,0x00,0x00,0x00,0x00,0x00,0x00,0x00,
    0x00,0x00,0x00,0x00,0x00,0x00,0x00,0x00,0x70,0x88,0xd8,0x88,0xa8,0x88,0x70,0x00,
    0x70,0xf8,0xa8,0xf8,0x88,0xf8,0x70,0x00,0x00,0x50,0xf8,0xf8,0xf8,0x70,0x20,0x00,
    0x00,0x20,0x70,0xf8,0xf8,0x70,0x20,0x00,0x20,0x70,0x70,0x20,0xf8,0xf8,0x20,0x00,
    0x00,0x20,0x70,0xf8,0xf8,0x20,0x70,0x00,0x00,0x00,0x00,0x30,0x30,0x00,0x00,0x00,
    0xfc,0xfc,0xfc,0xcc,0xcc,0xfc,0xfc,0xfc,0x00,0x00,0x78,0x48,0x48,0x78,0x00,0x00,
    0xfc,0xfc,0x84,0xb4,0xb4,0x84,0xfc,0xfc,0x00,0x38,0x18,0x68,0x90,0x90,0x60,0x00,
    0x70,0x88,0x88,0x70,0x20,0x70,0x20,0x00,0x20,0x30,0x28,0x20,0x60,0xe0,0xc0,0x00,
    0x18,0x68,0x58,0x68,0x58,0xd8,0xc0,0x00,0x00,0xa8,0x70,0xd8,0x70,0xa8,0x00,0x00,
    0x40,0x60,0x70,0x78,0x70,0x60,0x40,0x00,0x10,0x30,0x70,0xf0,0x70,0x30,0x10,0x00,
    0x20,0x70,0xf8,0x20,0xf8,0x70,0x20,0x00,0x50,0x50,0x50,0x50,0x50,0x00,0x50,0x00,
    0x78,0xa8,0xa8,0x68,0x28,0x28,0x28,0x00,0x70,0x88,0x60,0x50,0x30,0x88,0x70,0x00,
    0x00,0x00,0x00,0x00,0x00,0xf0,0xf0,0x00,0x20,0x70,0xf8,0x20,0xf8,0x70,0x20,0x70,
    0x20,0x70,0xf8,0x20,0x20,0x20,0x20,0x00,0x20,0x20,0x20,0x20,0xf8,0x70,0x20,0x00,
    0x00,0x20,0x30,0xf8,0x30,0x20,0x00,0x00,0x00,0x20,0x60,0xf8,0x60,0x20,0x00,0x00,
    0x00,0x00,0x00,0x80,0x80,0x80,0xf8,0x00,0x00,0x50,0x50,0xf8,0x50,0x50,0x00,0x00,
    0x20,0x20,0x70,0x70,0xf8,0xf8,0x00,0x00,0xf8,0xf8,0x70,0x70,0x20,0x20,0x00,0x00,
    0x00,0x00,0x00,0x00,0x00,0x00,0x00,0x00,0x20,0x70,0x70,0x20,0x20,0x00,0x20,0x00,
    0xd8,0xd8,0x90,0x00,0x00,0x00,0x00,0x00,0x00,0x50,0xf8,0x50,0x50,0xf8,0x50,0x00,
    0x40,0x70,0x80,0x60,0x10,0xe0,0x20,0x00,0xc8,0xc8,0x10,0x20,0x40,0x98,0x98,0x00,
    0x40,0xa0,0xa0,0x40,0xa8,0x90,0x68,0x00,0xc0,0xc0,0x80,0x00,0x00,0x00,0x00,0x00,
    0x40,0x80,0x80,0x80,0x80,0x80,0x40,0x00,0x80,0x40,0x40,0x40,0x40,0x40,0x80,0x00,
    0x00,0x50,0x70,0xf8,0x70,0x50,0x00,0x00,0x00,0x20,0x20,0xf8,0x20,0x20,0x00,0x00,
    0x00,0x00,0x00,0x00,0x00,0xc0,0xc0,0x80,0x00,0x00,0x00,0xf8,0x00,0x00,0x00,0x00,
    0x00,0x00,0x00,0x00,0x00,0xc0,0xc0,0x00,0x00,0x08,0x10,0x20,0x40,0x80,0x00,0x00,
    0x70,0x88,0x98,0xa8,0xc8,0x88,0x70,0x00,0x20,0x60,0x20,0x20,0x20,0x20,0x70,0x00,
    0x70,0x88,0x08,0x30,0x40,0x80,0xf8,0x00,0x70,0x88,0x08,0x70,0x08,0x88,0x70,0x00,
    0x10,0x30,0x50,0x90,0xf8,0x10,0x10,0x00,0xf8,0x80,0x80,0xf0,0x08,0x88,0x70,0x00,
    0x30,0x40,0x80,0xf0,0x88,0x88,0x70,0x00,0xf8,0x08,0x10,0x20,0x40,0x40,0x40,0x00,
    0x70,0x88,0x88,0x70,0x88,0x88,0x70,0x00,0x70,0x88,0x88,0x78,0x08,0x10,0x60,0x00,
    0x00,0x00,0x60,0x60,0x00,0x60,0x60,0x00,0x00,0x00,0x60,0x60,0x00,0x60,0x60,0x40,
    0x10,0x20,0x40,0x80,0x40,0x20,0x10,0x00,0x00,0x00,0xf8,0x00,0x00,0xf8,0x00,0x00,
    0x80,0x40,0x20,0x10,0x20,0x40,0x80,0x00,0x70,0x88,0x08,0x30,0x20,0x00,0x20,0x00,
    0x70,0x88,0xb8,0xa8,0xb8,0x80,0x70,0x00,0x70,0x88,0x88,0x88,0xf8,0x88,0x88,0x00,
    0xf0,0x88,0x88,0xf0,0x88,0x88,0xf0,0x00,0x70,0x88,0x80,0x80,0x80,0x88,0x70,0x00,
    0xf0,0x88,0x88,0x88,0x88,0x88,0xf0,0x00,0xf8,0x80,0x80,0xf0,0x80,0x80,0xf8,0x00,
    0xf8,0x80,0x80,0xf0,0x80,0x80,0x80,0x00,0x70,0x88,0x80,0xb8,0x88,0x88,0x78,0x00,
    0x88,0x88,0x88,0xf8,0x88,0x88,0x88,0x00,0x70,0x20,0x20,0x20,0x20,0x20,0x70,0x00,
    0x08,0x08,0x08,0x08,0x88,0x88,0x70,0x00,0x88,0x90,0xa0,0xc0,0xa0,0x90,0x88,0x00,
    0x80,0x80,0x80,0x80,0x80,0x80,0xf8,0x00,0x88,0xd8,0xa8,0x88,0x88,0x88,0x88,0x00,
    0x88,0xc8,0xa8,0x98,0x88,0x88,0x88,0x00,0x70,0x88,0x88,0x88,0x88,0x88,0x70,0x00,
    0xf0,0x88,0x88,0xf0,0x80,0x80,0x80,0x00,0x70,0x88,0x88,0x88,0xa8,0x90,0x68,0x00,
    0xf0,0x88,0x88,0xf0,0x90,0x88,0x88,0x00,0x70,0x88,0x80,0x70,0x08,0x88,0x70,0x00,
    0xf8,0x20,0x20,0x20,0x20,0x20,0x20,0x00,0x88,0x88,0x88,0x88,0x88,0x88,0x70,0x00,
    0x88,0x88,0x88,0x88,0x88,0x50,0x20,0x00,0x88,0x88,0xa8,0xa8,0xa8,0xa8,0x50,0x00,
    0x88,0x88,0x50,0x20,0x50,0x88,0x88,0x00,0x88,0x88,0x88,0x50,0x20,0x20,0x20,0x00,
    0xf0,0x10,0x20,0x40,0x80,0x80,0xf0,0x00,0x70,0x40,0x40,0x40,0x40,0x40,0x70,0x00,
    0x00,0x80,0x40,0x20,0x10,0x08,0x00,0x00,0x70,0x10,0x10,0x10,0x10,0x10,0x70,0x00,
    0x20,0x50,0x88,0x00,0x00,0x00,0x00,0x00,0x00,0x00,0x00,0x00,0x00,0x00,0x00,0xf8,
    0x60,0x60,0x20,0x00,0x00,0x00,0x00,0x00,0x00,0x00,0x70,0x08,0x78,0x88,0x78,0x00,
    0x80,0x80,0xf0,0x88,0x88,0x88,0xf0,0x00,0x00,0x00,0x70,0x88,0x80,0x88,0x70,0x00,
    0x08,0x08,0x78,0x88,0x88,0x88,0x78,0x00,0x00,0x00,0x70,0x88,0xf0,0x80,0x70,0x00,
    0x30,0x40,0x40,0xf0,0x40,0x40,0x40,0x00,0x00,0x00,0x78,0x88,0x88,0x78,0x08,0x70,
    0x80,0x80,0xe0,0x90,0x90,0x90,0x90,0x00,0x20,0x00,0x20,0x20,0x20,0x20,0x30,0x00,
    0x10,0x00,0x30,0x10,0x10,0x10,0x90,0x60,0x80,0x80,0x90,0xa0,0xc0,0xa0,0x90,0x00,
    0x20,0x20,0x20,0x20,0x20,0x20,0x30,0x00,0x00,0x00,0xd0,0xa8,0xa8,0x88,0x88,0x00,
    0x00,0x00,0xe0,0x90,0x90,0x90,0x90,0x00,0x00,0x00,0x70,0x88,0x88,0x88,0x70,0x00,
    0x00,0x00,0xf0,0x88,0x88,0x88,0xf0,0x80,0x00,0x00,0x70,0x88,0x88,0x88,0x78,0x08,
    0x00,0x00,0xb0,0x48,0x40,0x40,0xe0,0x00,0x00,0x00,0x70,0x80,0x70,0x08,0x70,0x00,
    0x00,0x40,0xf0,0x40,0x40,0x50,0x20,0x00,0x00,0x00,0x90,0x90,0x90,0xb0,0x50,0x00,
    0x00,0x00,0x88,0x88,0x88,0x50,0x20,0x00,0x00,0x00,0x88,0x88,0xa8,0xf8,0x50,0x00,
    0x00,0x00,0x90,0x90,0x60,0x90,0x90,0x00,0x00,0x00,0x90,0x90,0x90,0x70,0x20,0xc0,
    0x00,0x00,0xf0,0x10,0x60,0x80,0xf0,0x00,0x30,0x40,0x40,0xc0,0x40,0x40,0x30,0x00,
    0x20,0x20,0x20,0x00,0x20,0x20,0x20,0x00,0xc0,0x20,0x20,0x30,0x20,0x20,0xc0,0x00,
    0x50,0xa0,0x00,0x00,0x00,0x00,0x00,0x00,0x20,0x70,0xd8,0x88,0x88,0xf8,0x00,0x00,
    0x70,0x88,0x80,0x80,0x88,0x70,0x20,0x60,0x90,0x00,0x90,0x90,0x90,0xb0,0x50,0x00,
    0x18,0x00,0x70,0x88,0xf0,0x80,0x70,0x00,0x70,0x00,0x70,0x08,0x78,0x88,0x78,0x00,
    0x50,0x00,0x70,0x08,0x78,0x88,0x78,0x00,0x60,0x00,0x70,0x08,0x78,0x88,0x78,0x00,
    0x70,0x50,0x70,0x08,0x78,0x88,0x78,0x00,0x00,0x70,0x88,0x80,0x88,0x70,0x20,0x60,
    0x70,0x00,0x70,0x88,0xf0,0x80,0x70,0x00,0x50,0x00,0x70,0x88,0xf0,0x80,0x70,0x00,
    0x60,0x00,0x70,0x88,0xf0,0x80,0x70,0x00,0x50,0x00,0x20,0x20,0x20,0x20,0x30,0x00,
    0x20,0x50,0x00,0x20,0x20,0x20,0x30,0x00,0x40,0x00,0x20,0x20,0x20,0x20,0x30,0x00,
    0x50,0x00,0x20,0x50,0x88,0xf8,0x88,0x00,0x70,0x50,0x70,0xd8,0x88,0xf8,0x88,0x00,
    0x18,0x00,0xf8,0x80,0xf0,0x80,0xf8,0x00,0x00,0x00,0xf0,0x28,0xf8,0xa0,0x78,0x00,
    0x78,0xa0,0xa0,0xf8,0xa0,0xa0,0xb8,0x00,0x70,0x00,0x60,0x90,0x90,0x90,0x60,0x00,
    0x50,0x00,0x60,0x90,0x90,0x90,0x60,0x00,0xc0,0x00,0x60,0x90,0x90,0x90,0x60,0x00,
    0x70,0x00,0x90,0x90,0x90,0xb0,0x50,0x00,0xc0,0x00,0x90,0x90,0x90,0xb0,0x50,0x00,
    0x50,0x00,0x90,0x90,0x90,0x70,0x20,0xc0,0x90,0x60,0x90,0x90,0x90,0x90,0x60,0x00,
    0x50,0x00,0x90,0x90,0x90,0x90,0x60,0x00,0x00,0x20,0x70,0x80,0x80,0x70,0x20,0x00,
    0x30,0x48,0x40,0xf0,0x40,0x48,0xb8,0x00,0x88,0x50,0x20,0xf8,0x20,0xf8,0x20,0x00,
    0xc0,0xa0,0xa0,0xd0,0xb8,0x90,0x90,0x00,0x10,0x28,0x20,0x70,0x20,0x20,0xa0,0x40,
    0x30,0x00,0x70,0x08,0x78,0x88,0x78,0x00,0x60,0x00,0x40,0x40,0x40,0x40,0x60,0x00,
    0x30,0x00,0x60,0x90,0x90,0x90,0x60,0x00,0x30,0x00,0x90,0x90,0x90,0xb0,0x50,0x00,
    0x50,0xa0,0x00,0xe0,0x90,0x90,0x90,0x00,0x50,0xa0,0x00,0x90,0xd0,0xb0,0x90,0x00,
    0x70,0x08,0x78,0x88,0x78,0x00,0x78,0x00,0x60,0x90,0x90,0x90,0x60,0x00,0xf0,0x00,
    0x20,0x00,0x20,0x60,0x80,0x88,0x70,0x00,0x00,0x00,0xfc,0x80,0x80,0x80,0x00,0x00,
    0x00,0x00,0xfc,0x04,0x04,0x04,0x00,0x00,0x80,0x90,0xa0,0x70,0x88,0x10,0x38,0x00,
    0x80,0x90,0xa0,0x58,0xa8,0x38,0x08,0x00,0x20,0x00,0x20,0x20,0x70,0x70,0x20,0x00,
    0x00,0x00,0x48,0x90,0x48,0x00,0x00,0x00,0x00,0x00,0x90,0x48,0x90,0x00,0x00,0x00,
    0x54,0x00,0xa8,0x00,0x54,0x00,0xa8,0x00,0x54,0xa8,0x54,0xa8,0x54,0xa8,0x54,0xa8,
    0xa8,0xfc,0x54,0xfc,0xa8,0xfc,0x54,0xfc,0x10,0x10,0x10,0x10,0x10,0x10,0x10,0x10,
    0x10,0x10,0x10,0xf0,0x10,0x10,0x10,0x10,0x10,0xf0,0x10,0xf0,0x10,0x10,0x10,0x10,
    0x50,0x50,0x50,0xd0,0x50,0x50,0x50,0x50,0x00,0x00,0x00,0xf0,0x50,0x50,0x50,0x50,
    0x00,0xf0,0x10,0xf0,0x10,0x10,0x10,0x10,0x50,0xd0,0x10,0xd0,0x50,0x50,0x50,0x50,
    0x50,0x50,0x50,0x50,0x50,0x50,0x50,0x50,0x00,0xf0,0x10,0xd0,0x50,0x50,0x50,0x50,
    0x50,0xd0,0x10,0xf0,0x00,0x00,0x00,0x00,0x50,0x50,0x50,0xf0,0x00,0x00,0x00,0x00,
    0x10,0xf0,0x10,0xf0,0x00,0x00,0x00,0x00,0x00,0x00,0x00,0xf0,0x10,0x10,0x10,0x10,
    0x10,0x10,0x10,0x1c,0x00,0x00,0x00,0x00,0x10,0x10,0x10,0xfc,0x00,0x00,0x00,0x00,
    0x00,0x00,0x00,0xfc,0x10,0x10,0x10,0x10,0x10,0x10,0x10,0x1c,0x10,0x10,0x10,0x10,
    0x00,0x00,0x00,0xfc,0x00,0x00,0x00,0x00,0x10,0x10,0x10,0xfc,0x10,0x10,0x10,0x10,
    0x10,0x1c,0x10,0x1c,0x10,0x10,0x10,0x10,0x50,0x50,0x50,0x5c,0x50,0x50,0x50,0x50,
    0x50,0x5c,0x40,0x7c,0x00,0x00,0x00,0x00,0x00,0x7c,0x40,0x5c,0x50,0x50,0x50,0x50,
    0x50,0xdc,0x00,0xfc,0x00,0x00,0x00,0x00,0x00,0xfc,0x00,0xdc,0x50,0x50,0x50,0x50,
    0x50,0x5c,0x40,0x5c,0x50,0x50,0x50,0x50,0x00,0xfc,0x00,0xfc,0x00,0x00,0x00,0x00,
    0x50,0xdc,0x00,0xdc,0x50,0x50,0x50,0x50,0x10,0xfc,0x00,0xfc,0x00,0x00,0x00,0x00,
    0x50,0x50,0x50,0xfc,0x00,0x00,0x00,0x00,0x00,0xfc,0x00,0xfc,0x10,0x10,0x10,0x10,
    0x00,0x00,0x00,0xfc,0x50,0x50,0x50,0x50,0x50,0x50,0x50,0x7c,0x00,0x00,0x00,0x00,
    0x10,0x1c,0x10,0x1c,0x00,0x00,0x00,0x00,0x00,0x1c,0x10,0x1c,0x10,0x10,0x10,0x10,
    0x00,0x00,0x00,0x7c,0x50,0x50,0x50,0x50,0x50,0x50,0x50,0xdc,0x50,0x50,0x50,0x50,
    0x10,0xfc,0x00,0xfc,0x10,0x10,0x10,0x10,0x10,0x10,0x10,0xf0,0x00,0x00,0x00,0x00,
    0x00,0x00,0x00,0x1c,0x10,0x10,0x10,0x10,0xfc,0xfc,0xfc,0xfc,0xfc,0xfc,0xfc,0xfc,
    0x00,0x00,0x00,0x00,0xfc,0xfc,0xfc,0xfc,0xe0,0xe0,0xe0,0xe0,0xe0,0xe0,0xe0,0xe0,
    0x1c,0x1c,0x1c,0x1c,0x1c,0x1c,0x1c,0x1c,0xfc,0xfc,0xfc,0xfc,0x00,0x00,0x00,0x00,
    0x00,0x68,0x90,0x90,0x68,0x00,0x00,0x00,0x00,0xe0,0x90,0xe0,0x90,0x90,0xe0,0x80,
    0xf0,0x90,0x80,0x80,0x80,0x80,0x80,0x00,0x00,0xf8,0x50,0x50,0x50,0x50,0x50,0x00,
    0xf0,0x90,0x40,0x20,0x40,0x90,0xf0,0x00,0x00,0x00,0x78,0x90,0x90,0x60,0x00,0x00,
    0x00,0x00,0x90,0x90,0x90,0xe0,0x80,0x80,0x00,0x00,0x50,0xa0,0x20,0x20,0x20,0x00,
    0x70,0x20,0x70,0x88,0x70,0x20,0x70,0x00,0x60,0x90,0x90,0xf0,0x90,0x90,0x60,0x00,
    0x00,0x70,0x88,0x88,0x50,0x50,0xd8,0x00,0x60,0x80,0x40,0x20,0x70,0x90,0x60,0x00,
    0x00,0x00,0x50,0xa8,0xa8,0x50,0x00,0x00,0x00,0x20,0x70,0xa8,0xa8,0x70,0x20,0x00,
    0x00,0x70,0x80,0xf0,0x80,0x70,0x00,0x00,0x00,0x60,0x90,0x90,0x90,0x90,0x00,0x00,
    0x00,0xf0,0x00,0xf0,0x00,0xf0,0x00,0x00,0x00,0x20,0x70,0x20,0x00,0x70,0x00,0x00,
    0x80,0x60,0x10,0x60,0x80,0x00,0xf0,0x00,0x10,0x60,0x80,0x60,0x10,0x00,0xf0,0x00,
    0x00,0x10,0x28,0x20,0x20,0x20,0x20,0x20,0x20,0x20,0x20,0x20,0x20,0xa0,0x40,0x00,
    0x00,0x20,0x00,0xf8,0x00,0x20,0x00,0x00,0x00,0x50,0xa0,0x00,0x50,0xa0,0x00,0x00,
    0x60,0x90,0x90,0x60,0x00,0x00,0x00,0x00,0x00,0x00,0x00,0x60,0x60,0x00,0x00,0x00,
    0x00,0x00,0x00,0x40,0x00,0x00,0x00,0x00,0x00,0x38,0x20,0x20,0xa0,0xa0,0x40,0x00,
    0xa0,0x50,0x50,0x50,0x00,0x00,0x00,0x00,0xc0,0x20,0x40,0xe0,0x00,0x00,0x00,0x00,
    0x00,0x00,0x78,0x78,0x78,0x78,0x00,0x00,0x00,0x00,0x00,0x00,0x00,0x00,0x00,0x00,
    0xa2,0xff,0x9a,0x8e,0x75,0x03,0xd8,0xad,0x6f,0x03,0xc9,0xa5,0xf0,0x08,0x20,0x40,
    0xc0,0x20,0xcf,0xc0,0x80,0x1f,0xad,0x8e,0x03,0x0d,0x8f,0x03,0xf0,0x17,0x20,0xcf,
    0xa3,0x8d,0x5f,0x03,0x8c,0x60,0x03,0xa2,0x01,0xbd,0x5f,0x03,0x9d,0x61,0x03,0x9d,
    0x63,0x03,0xca,0x10,0xf4,0x20,0x08,0xc1,0x20,0x12,0xc1,0x20,0x5c,0xc1,0x80,0xf8,
    0xa9,0x00,0xa2,0x04,0x95,0x00,0xe8,0xe0,0x24,0xd0,0xf9,0xa2,0x3a,0x95,0x00,0xe8,
    0xe0,0x86,0xd0,0xf9,0xa9,0x00,0x8d,0x5d,0x03,0xa9,0x08,0x8d,0x5e,0x03,0xa9,0x00,
    0x8d,0x67,0x03,0xa9,0x80,0x8d,0x68,0x03,0x20,0xcf,0xa3,0x8d,0x5f,0x03,0x8c,0x60,
    0x03,0xad,0x5f,0x03,0x8d,0x61,0x03,0x8d,0x63,0x03,0xad,0x60,0x03,0x8d,0x62,0x03,
    0x8d,0x64,0x03,0xad,0x67,0x03,0x8d,0x65,0x03,0xad,0x68,0x03,0x8d,0x66,0x03,0xa9,
    0xff,0x8d,0x69,0x03,0x8d,0x6a,0x03,0x9c,0x6b,0x03,0x9c,0x6c,0x03,0x9c,0x6d,0x03,
    0x9c,0x6e,0x03,0x9c,0x1a,0x03,0x9c,0x1b,0x03,0x9c,0x1c,0x03,0x9c,0x1d,0x03,0x9c,
    0x1e,0x03,0x9c,0x1f,0x03,0x9c,0x0e,0x03,0x9c,0x70,0x03,0xa9,0x6e,0x85,0x6b,0xa2,
    0x04,0xbd,0x2b,0xd1,0x95,0x5c,0xca,0x10,0xf8,0xa9,0xa5,0x8d,0x6f,0x03,0x60,0xa9,
    0xa5,0xa0,0xed,0x20,0x90,0xa0,0x38,0xad,0x67,0x03,0xed,0x5f,0x03,0xa8,0xad,0x68,
    0x03,0xed,0x60,0x03,0x20,0xa1,0xd1,0x20,0x2b,0xcd,0x85,0x20,0x84,0x21,0xa0,0x00,
    0xb1,0x20,0xc9,0x20,0xd0,0x01,0xc8,0xb1,0x20,0xf0,0x06,0x20,0x64,0xc6,0xc8,0xd0,
    0xf6,0xa9,0xb9,0xa0,0xed,0x4c,0x90,0xa0,0x20,0x93,0xa0,0xa9,0xc7,0xa0,0xed,0x4c,
    0x90,0xa0,0xa0,0x00,0x20,0x54,0xc1,0xc9,0x0d,0xf0,0x30,0xc9,0x08,0xf0,0x19,0xc9,
    0x1b,0xf0,0x21,0xc9,0x20,0x90,0xed,0xc9,0x7f,0xb0,0xe9,0xc0,0xc8,0xb0,0xe5,0x99,
    0x00,0x04,0xc8,0x20,0x00,0xa0,0x80,0xdc,0xc0,0x00,0xf0,0xd8,0x88,0xa9,0x08,0x20,
    0x00,0xa0,0x80,0xd0,0x20,0x93,0xa0,0xa0,0x00,0x80,0xc9,0xa9,0x00,0x99,0x00,0x04,
    0x20,0x93,0xa0,0x60,0x20,0x0c,0xa0,0xf0,0xfb,0x4c,0x09,0xa0,0xa2,0x00,0xbd,0x00,
    0x04,0xf0,0x07,0xc9,0x20,0xd0,0x04,0xe8,0x80,0xf4,0x60,0xc9,0x30,0x90,0x1a,0xc9,
    0x3a,0xb0,0x16,0x20,0x99,0xc1,0xbd,0x00,0x04,0xc9,0x20,0xd0,0x01,0xe8,0x20,0xda,
    0xc1,0xb0,0x03,0x4c,0xfa,0xc6,0x4c,0x19,0xc3,0xa2,0x00,0x20,0xda,0xc1,0xb0,0x03,
    0x4c,0xfa,0xc6,0x20,0xa9,0xc4,0x4c,0x08,0xc1,0x64,0x08,0x64,0x09,0xbd,0x00,0x04,
    0xc9,0x30,0x90,0x35,0xc9,0x3a,0xb0,0x31,0x48,0x06,0x08,0x26,0x09,0xa5,0x08,0x85,
    0x3a,0xa5,0x09,0x85,0x3b,0x06,0x08,0x26,0x09,0x06,0x08,0x26,0x09,0x18,0xa5,0x08,
    0x65,0x3a,0x85,0x08,0xa5,0x09,0x65,0x3b,0x85,0x09,0x68,0x29,0x0f,0x18,0x65,0x08,
    0x85,0x08,0x90,0x02,0xe6,0x09,0xe8,0x80,0xc4,0x60,0xa0,0x00,0x64,0x41,0xc0,0xfa,
    0xb0,0x0a,0xbd,0x00,0x04,0xd0,0x07,0x99,0x00,0x05,0x38,0x60,0x18,0x60,0xc9,0x22,
    0xf0,0x56,0xc9,0x61,0x90,0x06,0xc9,0x7b,0xb0,0x02,0x29,0xdf,0xc9,0x41,0x90,0x3a,
    0xc9,0x5b,0xb0,0x36,0x20,0x8e,0xc2,0x90,0x1d,0x99,0x00,0x05,0xc8,0xc9,0x8e,0xd0,
    0xcd,0xc0,0xfa,0xb0,0xd7,0xbd,0x00,0x04,0xf0,0x07,0x99,0x00,0x05,0xc8,0xe8,0x80,
    0xf0,0x99,0x00,0x05,0x38,0x60,0xbd,0x00,0x04,0xc9,0x61,0x90,0x06,0xc9,0x7b,0xb0,
    0x02,0x29,0xdf,0x99,0x00,0x05,0xc8,0xe8,0x80,0xa4,0x20,0x62,0xc2,0x90,0x07,0x99,
    0x00,0x05,0xc8,0xe8,0x80,0x98,0x18,0x60,0x99,0x00,0x05,0xc8,0xe8,0xc0,0xfa,0xb0,
    0x9b,0xbd,0x00,0x04,0xf0,0xcb,0x99,0x00,0x05,0xc8,0xe8,0xc9,0x22,0xd0,0xee,0x4c,
    0xde,0xc1,0xc9,0x40,0xf0,0x26,0xc9,0x26,0xf0,0x22,0xc9,0x5b,0xf0,0x1e,0xc9,0x5d,
    0xf0,0x1a,0xc9,0x7b,0xf0,0x16,0xc9,0x7d,0xf0,0x12,0xc9,0x7c,0xf0,0x0e,0xc9,0x5c,
    0xf0,0x0a,0xc9,0x60,0xf0,0x06,0xc9,0x7e,0xf0,0x02,0x38,0x60,0x18,0x60,0x86,0x3e,
    0x5a,0xa9,0x6c,0x85,0x61,0xa9,0xeb,0x85,0x62,0xa9,0x80,0x85,0x3a,0x64,0x3b,0x64,
    0x3d,0xa0,0x00,0xa6,0x3e,0xb1,0x61,0xf0,0x5d,0x48,0x29,0x7f,0x85,0x3c,0xbd,0x00,
    0x04,0xc9,0x61,0x90,0x06,0xc9,0x7b,0xb0,0x02,0x29,0xdf,0xc5,0x3c,0xd0,0x0c,0x68,
    0x30,0x1c,0xe6,0x61,0xd0,0x02,0xe6,0x62,0xe8,0x80,0xda,0x68,0xb1,0x61,0xf0,0x36,
    0xe6,0x61,0xd0,0x02,0xe6,0x62,0xc9,0x80,0x90,0xf2,0xe6,0x3a,0x80,0xc5,0xe8,0xe4,
    0x3d,0x90,0x06,0x86,0x3d,0xa5,0x3a,0x85,0x3b,0xa6,0x3d,0xbd,0x00,0x04,0xc9,0x24,
    0xf0,0xda,0xc9,0x61,0x90,0x06,0xc9,0x7b,0xb0,0x02,0x29,0xdf,0xc9,0x41,0x90,0x0a,
    0xc9,0x5b,0xb0,0x06,0x80,0xc6,0xa5,0x3b,0xf0,0x07,0xa6,0x3d,0xa5,0x3b,0x7a,0x38,
    0x60,0xa6,0x3e,0x7a,0xbd,0x00,0x04,0x18,0x60,0x20,0x38,0xc3,0x90,0x03,0x20,0x6f,
    0xc3,0xad,0x00,0x05,0xd0,0x04,0x20,0x6d,0xc4,0x60,0x20,0xbc,0xc3,0x90,0x04,0x20,
    0x6d,0xc4,0x60,0xa9,0x02,0x4c,0xfc,0xc6,0xad,0x5d,0x03,0x85,0x20,0xad,0x5e,0x03,
    0x85,0x21,0xa0,0x01,0xb1,0x20,0xf0,0x25,0xa0,0x03,0xb1,0x20,0xc5,0x09,0x90,0x0d,
    0xd0,0x1b,0x88,0xb1,0x20,0xc5,0x08,0x90,0x04,0xd0,0x12,0x38,0x60,0xa0,0x00,0xb1,
    0x20,0x48,0xa0,0x01,0xb1,0x20,0x85,0x21,0x68,0x85,0x20,0x80,0xd5,0x18,0x60,0xa0,
    0x00,0xb1,0x20,0x85,0x3a,0xc8,0xb1,0x20,0x85,0x3b,0xa5,0x20,0x85,0x22,0xa5,0x21,
    0x85,0x23,0xa5,0x3a,0xcd,0x5f,0x03,0xa5,0x3b,0xed,0x60,0x03,0xb0,0x14,0xa0,0x00,
    0xb1,0x3a,0x91,0x22,0xe6,0x3a,0xd0,0x02,0xe6,0x3b,0xe6,0x22,0xd0,0xe4,0xe6,0x23,
    0x80,0xe0,0xa5,0x22,0x8d,0x5f,0x03,0xa5,0x23,0x8d,0x60,0x03,0x8d,0x62,0x03,0x8d,
    0x64,0x03,0xad,0x5f,0x03,0x8d,0x61,0x03,0x8d,0x63,0x03,0x60,0xa0,0x00,0xb9,0x00,
    0x05,0xf0,0x03,0xc8,0xd0,0xf8,0x98,0x18,0x69,0x05,0x85,0x3e,0x18,0xad,0x5f,0x03,
    0x65,0x3e,0x85,0x3a,0xad,0x60,0x03,0x69,0x00,0x85,0x3b,0xa5,0x3a,0xcd,0x67,0x03,
    0xa5,0x3b,0xed,0x68,0x03,0x90,0x02,0x18,0x60,0xad,0x5f,0x03,0x38,0xe9,0x01,0x85,
    0x3a,0xad,0x60,0x03,0xe9,0x00,0x85,0x3b,0x18,0xa5,0x3a,0x65,0x3e,0x85,0x22,0xa5,
    0x3b,0x69,0x00,0x85,0x23,0xa5,0x3a,0xc5,0x20,0xa5,0x3b,0xe5,0x21,0x90,0x18,0xa0,
    0x00,0xb1,0x3a,0x91,0x22,0xa5,0x3a,0xd0,0x02,0xc6,0x3b,0xc6,0x3a,0xa5,0x22,0xd0,
    0x02,0xc6,0x23,0xc6,0x22,0x80,0xde,0xa0,0x00,0xa9,0xff,0x91,0x20,0xc8,0x91,0x20,
    0xc8,0xa5,0x08,0x91,0x20,0xc8,0xa5,0x09,0x91,0x20,0xc8,0xa2,0x00,0xbd,0x00,0x05,
    0x91,0x20,0xf0,0x04,0xe8,0xc8,0x80,0xf5,0x18,0xad,0x5f,0x03,0x65,0x3e,0x8d,0x5f,
    0x03,0xad,0x60,0x03,0x69,0x00,0x8d,0x60,0x03,0xad,0x5f,0x03,0x8d,0x61,0x03,0x8d,
    0x63,0x03,0xad,0x60,0x03,0x8d,0x62,0x03,0x8d,0x64,0x03,0x38,0x60,0xad,0x5d,0x03,
    0x85,0x20,0xad,0x5e,0x03,0x85,0x21,0xa0,0x01,0xb1,0x20,0xf0,0x2b,0xa0,0x04,0xb1,
    0x20,0xf0,0x03,0xc8,0xd0,0xf9,0xc8,0x98,0x18,0x65,0x20,0x85,0x3a,0xa5,0x21,0x69,
    0x00,0x85,0x3b,0xa0,0x00,0xa5,0x3a,0x91,0x20,0xc8,0xa5,0x3b,0x91,0x20,0xa5,0x3a,
    0x85,0x20,0xa5,0x3b,0x85,0x21,0x80,0xcf,0x60,0xa9,0x3a,0x8d,0xff,0x04,0xa9,0xff,
    0x85,0x04,0xa9,0x04,0x85,0x05,0x9c,0x70,0x03,0xa9,0xff,0x8d,0x69,0x03,0x8d,0x6a,
    0x03,0xae,0x75,0x03,0x9a,0x4c,0x8a,0xdf,0x9c,0x00,0x08,0x9c,0x01,0x08,0xa9,0x02,
    0x8d,0x5f,0x03,0x8d,0x61,0x03,0x8d,0x63,0x03,0xa9,0x08,0x8d,0x60,0x03,0x8d,0x62,
    0x03,0x8d,0x64,0x03,0xad,0x67,0x03,0x8d,0x65,0x03,0xad,0x68,0x03,0x8d,0x66,0x03,
    0x4c,0x13,0xd7,0xad,0x5d,0x03,0x85,0x20,0xad,0x5e,0x03,0x85,0x21,0xa0,0x01,0xb1,
    0x20,0xf0,0x3d,0xa0,0x02,0xb1,0x20,0x85,0x08,0xc8,0xb1,0x20,0x85,0x09,0x20,0x41,
    0xc5,0xa9,0x20,0x20,0x00,0xa0,0xa0,0x04,0xb1,0x20,0xf0,0x12,0x30,0x06,0x20,0x00,
    0xa0,0xc8,0x80,0xf4,0x84,0x42,0x20,0xc7,0xc6,0xa4,0x42,0xc8,0x80,0xea,0x20,0x93,
    0xa0,0xa0,0x00,0xb1,0x20,0x48,0xc8,0xb1,0x20,0x85,0x21,0x68,0x85,0x20,0x80,0xbd,
    0x60,0xa5,0x08,0xa6,0x09,0x4c,0x96,0xa0,0x20,0x6f,0xc7,0x20,0x75,0xc7,0xd0,0x03,
    0x4c,0x5c,0xc6,0xc9,0x3a,0xd0,0x03,0x4c,0x5c,0xc6,0xc9,0xa4,0xd0,0x03,0x4c,0x5c,
    0xc6,0xc9,0x3b,0xd0,0x03,0x4c,0x1b,0xc6,0xc9,0x2c,0xd0,0x03,0x4c,0x2a,0xc6,0xc9,
    0xce,0xd0,0x17,0x20,0x6f,0xc7,0x20,0x52,0xd1,0x20,0x7c,0xd7,0x20,0x56,0xd1,0x20,
    0x4e,0xd1,0x20,0x43,0xe7,0x20,0xa5,0xc6,0x80,0x6a,0xc9,0x9b,0xd0,0x2d,0x20,0x6f,
    0xc7,0x20,0x52,0xd1,0x20,0x74,0xd1,0x20,0x4e,0xd1,0x20,0x8c,0xd1,0xa5,0x11,0xd0,
    0x53,0xa5,0x12,0xcd,0x70,0x03,0x90,0x4c,0x38,0xed,0x70,0x03,0xa8,0xf0,0x45,0x5a,
    0xa9,0x20,0x20,0x64,0xc6,0x7a,0x88,0xd0,0xf6,0x80,0x39,0xc9,0x9e,0xd0,0x23,0x20,
    0x6f,0xc7,0x20,0x52,0xd1,0x20,0x74,0xd1,0x20,0x4e,0xd1,0x20,0x8c,0xd1,0xa5,0x11,
    0xd0,0x22,0xa4,0x12,0xf0,0x1e,0x5a,0xa9,0x20,0x20,0x64,0xc6,0x7a,0x88,0xd0,0xf6,
    0x80,0x12,0x20,0x7c,0xd7,0x24,0x64,0x30,0x05,0x20,0x7a,0xc6,0x80,0x06,0x20,0x8e,
    0xc6,0x20,0x9e,0xd5,0x20,0x75,0xc7,0xd0,0x03,0x4c,0x5c,0xc6,0xc9,0x3a,0xd0,0x03,
    0x4c,0x5c,0xc6,0xc9,0xa4,0xd0,0x03,0x4c,0x5c,0xc6,0xc9,0x3b,0xd0,0x03,0x4c,0x1b,
    0xc6,0xc9,0x2c,0xd0,0x03,0x4c,0x2a,0xc6,0x4c,0x30,0xd1,0x20,0x6f,0xc7,0x20,0x75,
    0xc7,0xf0,0x40,0xc9,0x3a,0xf0,0x3c,0x4c,0x4b,0xc5,0x20,0x6f,0xc7,0xad,0x70,0x03,
    0x85,0x3a,0xa5,0x3a,0xc9,0x0e,0x90,0x07,0x38,0xe9,0x0e,0x85,0x3a,0x80,0xf3,0xc9,
    0x00,0xf0,0x0d,0xa9,0x20,0x20,0x64,0xc6,0xe6,0x3a,0xa5,0x3a,0xc9,0x0e,0xd0,0xf3,
    0x20,0x75,0xc7,0xf0,0x0e,0xc9,0x3a,0xf0,0x0a,0x4c,0x4b,0xc5,0x20,0x93,0xa0,0x9c,
    0x70,0x03,0x60,0x60,0xc9,0x0d,0xf0,0x0c,0xc9,0x0a,0xf0,0x08,0x48,0xee,0x70,0x03,
    0x68,0x4c,0x00,0xa0,0x9c,0x70,0x03,0x4c,0x00,0xa0,0x20,0x2b,0xcd,0x85,0x20,0x84,
    0x21,0xa0,0x00,0xb1,0x20,0xf0,0x06,0x20,0x64,0xc6,0xc8,0xd0,0xf6,0x60,0xa5,0x0f,
    0x85,0x20,0xa5,0x10,0x85,0x21,0xa0,0x00,0xc4,0x0e,0xf0,0x08,0xb1,0x20,0x20,0x64,
    0xc6,0xc8,0x80,0xf4,0x60,0xa9,0x24,0x20,0x64,0xc6,0xa5,0x11,0x20,0xb1,0xc6,0xa5,
    0x12,0x48,0x4a,0x4a,0x4a,0x4a,0x20,0xbc,0xc6,0x68,0x29,0x0f,0xc9,0x0a,0x90,0x02,
    0x69,0x06,0x69,0x30,0x4c,0x64,0xc6,0x38,0xe9,0x80,0xaa,0xa9,0x6c,0x85,0x61,0xa9,
    0xeb,0x85,0x62,0xa0,0x00,0xe0,0x00,0xf0,0x0f,0xb1,0x61,0xe6,0x61,0xd0,0x02,0xe6,
    0x62,0xc9,0x80,0x90,0xf4,0xca,0x80,0xed,0xb1,0x61,0xe6,0x61,0xd0,0x02,0xe6,0x62,
    0x48,0x29,0x7f,0x20,0x00,0xa0,0x68,0x10,0xef,0x60,0xa9,0x00,0x85,0x3e,0xa2,0xff,
    0x9a,0x8e,0x75,0x03,0x9c,0x6e,0x03,0x20,0x93,0xa0,0xa9,0x3f,0x20,0x00,0xa0,0xa5,
    0x3e,0x20,0x44,0xc7,0xa9,0xcc,0xa0,0xed,0x20,0x90,0xa0,0x4c,0x1e,0xc7,0xad,0x6a,
    0x03,0xc9,0xff,0xf0,0x14,0xa9,0xd3,0xa0,0xed,0x20,0x90,0xa0,0xad,0x69,0x03,0x85,
    0x08,0xad,0x6a,0x03,0x85,0x09,0x20,0x41,0xc5,0xa9,0xff,0x8d,0x69,0x03,0x8d,0x6a,
    0x03,0x4c,0x35,0xc0,0xaa,0xa9,0xab,0x85,0x3a,0xa9,0xec,0x85,0x3b,0xe0,0x00,0xf0,
    0x17,0xa0,0x00,0xb1,0x3a,0xf0,0x08,0xe6,0x3a,0xd0,0xf6,0xe6,0x3b,0x80,0xf2,0xe6,
    0x3a,0xd0,0x02,0xe6,0x3b,0xca,0x80,0xe5,0xa5,0x3a,0xa4,0x3b,0x4c,0x90,0xa0,0xe6,
    0x04,0xd0,0x02,0xe6,0x05,0xb2,0x04,0xc9,0x3a,0xb0,0x0a,0xc9,0x20,0xf0,0xf0,0x38,
    0xe9,0x30,0x38,0xe9,0xd0,0x60,0x8a,0x4c,0xfc,0xc6,0xa2,0x0b,0x4c,0x86,0xc7,0x20,
    0x49,0x4e,0x20,0x00,0x60,0xa9,0x5f,0xa0,0xce,0x4c,0xb3,0xc7,0x20,0xd8,0xc9,0xa5,
    0x13,0x49,0xff,0x85,0x13,0x45,0x1b,0x85,0x1c,0xa5,0x0e,0x4c,0xb6,0xc7,0x20,0xe5,
    0xc8,0x90,0x3c,0x20,0xd8,0xc9,0xd0,0x03,0x4c,0x48,0xcb,0xa6,0x1d,0x86,0x43,0xa2,
    0x16,0xa5,0x16,0xa8,0xf0,0xce,0x38,0xe5,0x0e,0xf0,0x24,0x90,0x12,0x84,0x0e,0xa4,
    0x1b,0x84,0x13,0x49,0xff,0x69,0x00,0xa0,0x00,0x84,0x43,0xa2,0x0e,0xd0,0x04,0xa0,
    0x00,0x84,0x1d,0xc9,0xf9,0x30,0xc7,0xa8,0xa5,0x1d,0x56,0x01,0x20,0xfc,0xc8,0x24,
    0x1c,0x10,0x57,0xa0,0x0e,0xe0,0x16,0xf0,0x02,0xa0,0x16,0x38,0x49,0xff,0x65,0x43,
    0x85,0x1d,0xb9,0x04,0x00,0xf5,0x04,0x85,0x12,0xb9,0x03,0x00,0xf5,0x03,0x85,0x11,
    0xb9,0x02,0x00,0xf5,0x02,0x85,0x10,0xb9,0x01,0x00,0xf5,0x01,0x85,0x0f,0xb0,0x03,
    0x20,0x93,0xc8,0xa0,0x00,0x98,0x18,0xa6,0x0f,0xd0,0x4a,0xa6,0x10,0x86,0x0f,0xa6,
    0x11,0x86,0x10,0xa6,0x12,0x86,0x11,0xa6,0x1d,0x86,0x12,0x84,0x1d,0x69,0x08,0xc9,
    0x20,0xd0,0xe4,0xa9,0x00,0x85,0x0e,0x85,0x13,0x60,0x65,0x43,0x85,0x1d,0xa5,0x12,
    0x65,0x1a,0x85,0x12,0xa5,0x11,0x65,0x19,0x85,0x11,0xa5,0x10,0x65,0x18,0x85,0x10,
    0xa5,0x0f,0x65,0x17,0x85,0x0f,0x4c,0x82,0xc8,0x69,0x01,0x06,0x1d,0x26,0x12,0x26,
    0x11,0x26,0x10,0x26,0x0f,0x10,0xf2,0x38,0xe5,0x0e,0xb0,0xc7,0x49,0xff,0x69,0x01,
    0x85,0x0e,0x90,0x0e,0xe6,0x0e,0xf0,0x42,0x66,0x0f,0x66,0x10,0x66,0x11,0x66,0x12,
    0x66,0x1d,0x60,0xa5,0x13,0x49,0xff,0x85,0x13,0xa5,0x0f,0x49,0xff,0x85,0x0f,0xa5,
    0x10,0x49,0xff,0x85,0x10,0xa5,0x11,0x49,0xff,0x85,0x11,0xa5,0x12,0x49,0xff,0x85,
    0x12,0xa5,0x1d,0x49,0xff,0x85,0x1d,0xe6,0x1d,0xd0,0x0e,0xe6,0x12,0xd0,0x0a,0xe6,
    0x11,0xd0,0x06,0xe6,0x10,0xd0,0x02,0xe6,0x0f,0x60,0xa2,0x01,0x4c,0x86,0xc7,0xa2,
    0x47,0xb4,0x04,0x84,0x1d,0xb4,0x03,0x94,0x04,0xb4,0x02,0x94,0x03,0xb4,0x01,0x94,
    0x02,0xa4,0x15,0x94,0x01,0x69,0x08,0x30,0xe8,0xf0,0xe6,0xe9,0x08,0xa8,0xa5,0x1d,
    0xb0,0x14,0x16,0x01,0x90,0x02,0xf6,0x01,0x76,0x01,0x76,0x01,0x76,0x02,0x76,0x03,
    0x76,0x04,0x6a,0xc8,0xd0,0xec,0x18,0x60,0x81,0x00,0x00,0x00,0x00,0x03,0x7f,0x5e,
    0x56,0xcb,0x79,0x80,0x13,0x9b,0x0b,0x64,0x80,0x76,0x38,0x93,0x16,0x82,0x38,0xaa,
    0x3b,0x20,0x80,0x35,0x04,0xf3,0x34,0x81,0x35,0x04,0xf3,0x34,0x80,0x80,0x00,0x00,
    0x00,0x80,0x31,0x72,0x17,0xf8,0x20,0x77,0xcb,0xf0,0x02,0x10,0x03,0x4c,0x8a,0xc7,
    0xa5,0x0e,0xe9,0x7f,0x48,0xa9,0x80,0x85,0x0e,0xa9,0x22,0xa0,0xc9,0x20,0xb3,0xc7,
    0xa9,0x27,0xa0,0xc9,0x20,0x5b,0xca,0xa9,0x08,0xa0,0xc9,0x20,0x9c,0xc7,0xa9,0x0d,
    0xa0,0xc9,0x20,0x6f,0xcf,0xa9,0x2c,0xa0,0xc9,0x20,0xb3,0xc7,0x68,0x20,0xca,0xcc,
    0xa9,0x31,0xa0,0xc9,0x20,0xd8,0xc9,0xd0,0x03,0x4c,0xd7,0xc9,0x20,0x03,0xca,0xa9,
    0x00,0x85,0x48,0x85,0x49,0x85,0x4a,0x85,0x4b,0xa5,0x1d,0x20,0xa5,0xc9,0xa5,0x12,
    0x20,0xa5,0xc9,0xa5,0x11,0x20,0xa5,0xc9,0xa5,0x10,0x20,0xa5,0xc9,0xa5,0x0f,0x20,
    0xaa,0xc9,0x4c,0xdb,0xca,0xd0,0x03,0x4c,0xcf,0xc8,0x4a,0x09,0x80,0xa8,0x90,0x19,
    0x18,0xa5,0x4b,0x65,0x1a,0x85,0x4b,0xa5,0x4a,0x65,0x19,0x85,0x4a,0xa5,0x49,0x65,
    0x18,0x85,0x49,0xa5,0x48,0x65,0x17,0x85,0x48,0x66,0x48,0x66,0x49,0x66,0x4a,0x66,
    0x4b,0x66,0x1d,0x98,0x4a,0xd0,0xd6,0x60,0x85,0x20,0x84,0x21,0xa0,0x04,0xb1,0x20,
    0x85,0x1a,0x88,0xb1,0x20,0x85,0x19,0x88,0xb1,0x20,0x85,0x18,0x88,0xb1,0x20,0x85,
    0x1b,0x45,0x13,0x85,0x1c,0xa5,0x1b,0x09,0x80,0x85,0x17,0x88,0xb1,0x20,0x85,0x16,
    0xa5,0x0e,0x60,0xa5,0x16,0xf0,0x1f,0x18,0x65,0x0e,0x90,0x04,0x30,0x1d,0x18,0x2c,
    0x10,0x14,0x69,0x80,0x85,0x0e,0xd0,0x03,0x4c,0x47,0xc8,0xa5,0x1c,0x85,0x13,0x60,
    0xa5,0x13,0x49,0xff,0x30,0x05,0x68,0x68,0x4c,0x43,0xc8,0x4c,0xca,0xc8,0x20,0x58,
    0xcb,0xaa,0xf0,0x10,0x18,0x69,0x02,0xb0,0xf2,0xa2,0x00,0x86,0x1c,0x20,0xc3,0xc7,
    0xe6,0x0e,0xf0,0xe7,0x60,0x84,0x20,0x00,0x00,0x00,0x20,0x58,0xcb,0xa9,0x45,0xa0,
    0xca,0xa2,0x00,0x86,0x1c,0x20,0xee,0xca,0x4c,0x5e,0xca,0x20,0xd8,0xc9,0xf0,0x76,
    0x20,0x67,0xcb,0xa9,0x00,0x38,0xe5,0x0e,0x85,0x0e,0x20,0x03,0xca,0xe6,0x0e,0xf0,
    0xba,0xa2,0xfc,0xa9,0x01,0xa4,0x17,0xc4,0x0f,0xd0,0x10,0xa4,0x18,0xc4,0x10,0xd0,
    0x0a,0xa4,0x19,0xc4,0x11,0xd0,0x04,0xa4,0x1a,0xc4,0x12,0x08,0x2a,0x90,0x09,0xe8,
    0x95,0x4b,0xf0,0x32,0x10,0x34,0xa9,0x01,0x28,0xb0,0x0e,0x06,0x1a,0x26,0x19,0x26,
    0x18,0x26,0x17,0xb0,0xe6,0x30,0xce,0x10,0xe2,0xa8,0xa5,0x1a,0xe5,0x12,0x85,0x1a,
    0xa5,0x19,0xe5,0x11,0x85,0x19,0xa5,0x18,0xe5,0x10,0x85,0x18,0xa5,0x17,0xe5,0x0f,
    0x85,0x17,0x98,0x4c,0x9b,0xca,0xa9,0x40,0xd0,0xce,0x0a,0x0a,0x0a,0x0a,0x0a,0x0a,
    0x85,0x1d,0x28,0x4c,0xdb,0xca,0xa2,0x06,0x4c,0x86,0xc7,0xa5,0x48,0x85,0x0f,0xa5,
    0x49,0x85,0x10,0xa5,0x4a,0x85,0x11,0xa5,0x4b,0x85,0x12,0x4c,0x23,0xc8,0x85,0x20,
    0x84,0x21,0xa0,0x04,0xb1,0x20,0x85,0x12,0x88,0xb1,0x20,0x85,0x11,0x88,0xb1,0x20,
    0x85,0x10,0x88,0xb1,0x20,0x85,0x13,0x09,0x80,0x85,0x0f,0x88,0xb1,0x20,0x85,0x0e,
    0x84,0x1d,0x60,0xa2,0x52,0x2c,0xa2,0x4d,0xa0,0x00,0xf0,0x04,0xa6,0x46,0xa4,0x47,
    0x20,0x67,0xcb,0x86,0x20,0x84,0x21,0xa0,0x04,0xa5,0x12,0x91,0x20,0x88,0xa5,0x11,
    0x91,0x20,0x88,0xa5,0x10,0x91,0x20,0x88,0xa5,0x13,0x09,0x7f,0x25,0x0f,0x91,0x20,
    0x88,0xa5,0x0e,0x91,0x20,0x84,0x1d,0x60,0xa5,0x1b,0x85,0x13,0xa2,0x05,0xb5,0x15,
    0x95,0x0d,0xca,0xd0,0xf9,0x86,0x1d,0x60,0x20,0x67,0xcb,0xa2,0x06,0xb5,0x0d,0x95,
    0x15,0xca,0xd0,0xf9,0x86,0x1d,0x60,0xa5,0x0e,0xf0,0xfb,0x06,0x1d,0x90,0xf7,0x20,
    0xbb,0xc8,0xd0,0xf2,0x4c,0x84,0xc8,0xa5,0x0e,0xf0,0x09,0xa5,0x13,0x2a,0xa9,0xff,
    0xb0,0x02,0xa9,0x01,0x60,0x20,0x77,0xcb,0x85,0x0f,0xa9,0x00,0x85,0x10,0xa2,0x88,
    0xa5,0x0f,0x49,0xff,0x2a,0xa9,0x00,0x85,0x12,0x85,0x11,0x86,0x0e,0x85,0x1d,0x85,
    0x13,0x4c,0x1e,0xc8,0x46,0x13,0x60,0x85,0x22,0x84,0x23,0xa0,0x00,0xb1,0x22,0xc8,
    0xaa,0xf0,0xc4,0xb1,0x22,0x45,0x13,0x30,0xc2,0xe4,0x0e,0xd0,0x21,0xb1,0x22,0x09,
    0x80,0xc5,0x0f,0xd0,0x19,0xc8,0xb1,0x22,0xc5,0x10,0xd0,0x12,0xc8,0xb1,0x22,0xc5,
    0x11,0xd0,0x0b,0xc8,0xa9,0x7f,0xc5,0x1d,0xb1,0x22,0xe5,0x12,0xf0,0x28,0xa5,0x13,
    0x90,0x02,0x49,0xff,0x4c,0x7d,0xcb,0xa5,0x0e,0xf0,0x4a,0x38,0xe9,0xa0,0x24,0x13,
    0x10,0x09,0xaa,0xa9,0xff,0x85,0x15,0x20,0x99,0xc8,0x8a,0xa2,0x0e,0xc9,0xf9,0x10,
    0x06,0x20,0xe5,0xc8,0x84,0x15,0x60,0xa8,0xa5,0x13,0x29,0x80,0x46,0x0f,0x05,0x0f,
    0x85,0x0f,0x20,0xfc,0xc8,0x84,0x15,0x60,0xa5,0x0e,0xc9,0xa0,0xb0,0x20,0x20,0xe7,
    0xcb,0x84,0x1d,0xa5,0x13,0x84,0x13,0x49,0x80,0x2a,0xa9,0xa0,0x85,0x0e,0xa5,0x12,
    0x85,0x44,0x4c,0x1e,0xc8,0x85,0x0f,0x85,0x10,0x85,0x11,0x85,0x12,0xa8,0x60,0xa0,
    0x00,0xa2,0x0a,0x94,0x0a,0xca,0x10,0xfb,0x90,0x0f,0xc9,0x2d,0xd0,0x04,0x86,0x14,
    0xf0,0x04,0xc9,0x2b,0xd0,0x05,0x20,0x6f,0xc7,0x90,0x5b,0xc9,0x2e,0xf0,0x2e,0xc9,
    0x45,0xd0,0x30,0x20,0x6f,0xc7,0x90,0x17,0xc9,0x00,0xf0,0x0e,0xc9,0x2d,0xf0,0x0a,
    0xc9,0x00,0xf0,0x08,0xc9,0x2b,0xf0,0x04,0xd0,0x07,0x66,0x0d,0x20,0x6f,0xc7,0x90,
    0x5c,0x24,0x0d,0x10,0x0e,0xa9,0x00,0x38,0xe5,0x0b,0x4c,0x95,0xcc,0x66,0x0c,0x24,
    0x0c,0x50,0xc3,0xa5,0x0b,0x38,0xe5,0x0a,0x85,0x0b,0xf0,0x12,0x10,0x09,0x20,0x4a,
    0xca,0xe6,0x0b,0xd0,0xf9,0xf0,0x07,0x20,0x2e,0xca,0xc6,0x0b,0xd0,0xf9,0xa5,0x14,
    0x30,0x01,0x60,0x4c,0xe3,0xce,0x48,0x24,0x0c,0x10,0x02,0xe6,0x0a,0x20,0x2e,0xca,
    0x68,0x38,0xe9,0x30,0x20,0xca,0xcc,0x4c,0x56,0xcc,0x48,0x20,0x58,0xcb,0x68,0x20,
    0x88,0xcb,0xa5,0x1b,0x45,0x13,0x85,0x1c,0xa6,0x0e,0x4c,0xb6,0xc7,0xa5,0x0b,0xc9,
    0x0a,0x90,0x09,0xa9,0x64,0x24,0x0d,0x30,0x11,0x4c,0xca,0xc8,0x0a,0x0a,0x18,0x65,
    0x0b,0x0a,0x18,0xa0,0x00,0x71,0x04,0x38,0xe9,0x30,0x85,0x0b,0x4c,0x7c,0xcc,0x9b,
    0x3e,0xbc,0x1f,0xfd,0x9e,0x6e,0x6b,0x27,0xfd,0x9e,0x6e,0x6b,0x28,0x00,0xa9,0x8f,
    0xa0,0xc7,0x20,0x28,0xcd,0xad,0x6a,0x03,0xae,0x69,0x03,0x85,0x0f,0x86,0x10,0xa2,
    0x90,0x38,0x20,0x95,0xcb,0x20,0x2b,0xcd,0x4c,0x90,0xa0,0xa0,0x01,0xa9,0x20,0x24,
    0x13,0x10,0x02,0xa9,0x2d,0x99,0xff,0x00,0x85,0x13,0x84,0x1e,0xc8,0xa9,0x30,0xa6,
    0x0e,0xd0,0x03,0x4c,0x52,0xce,0xa9,0x00,0xe0,0x80,0xf0,0x02,0xb0,0x09,0xa9,0x09,
    0xa0,0xcd,0x20,0x74,0xc9,0xa9,0xf7,0x85,0x0a,0xa9,0x04,0xa0,0xcd,0x20,0xa7,0xcb,
    0xf0,0x1e,0x10,0x12,0xa9,0xff,0xa0,0xcc,0x20,0xa7,0xcb,0xf0,0x02,0x10,0x0e,0x20,
    0x2e,0xca,0xc6,0x0a,0xd0,0xee,0x20,0x4a,0xca,0xe6,0x0a,0xd0,0xdc,0x20,0x95,0xc7,
    0x20,0xe7,0xcb,0xa2,0x01,0xa5,0x0a,0x18,0x69,0x0a,0x30,0x09,0xc9,0x0b,0xb0,0x06,
    0x69,0xff,0xaa,0xa9,0x02,0x38,0xe9,0x02,0x85,0x0b,0x86,0x0a,0x8a,0xf0,0x02,0x10,
    0x13,0xa4,0x1e,0xa9,0x2e,0xc8,0x99,0xff,0x00,0x8a,0xf0,0x06,0xa9,0x30,0xc8,0x99,
    0xff,0x00,0x84,0x1e,0xa0,0x00,0xa2,0x80,0xa5,0x12,0x18,0x79,0x67,0xce,0x85,0x12,
    0xa5,0x11,0x79,0x66,0xce,0x85,0x11,0xa5,0x10,0x79,0x65,0xce,0x85,0x10,0xa5,0x0f,
    0x79,0x64,0xce,0x85,0x0f,0xe8,0xb0,0x04,0x10,0xde,0x30,0x02,0x30,0xda,0x8a,0x90,
    0x04,0x49,0xff,0x69,0x0a,0x69,0x2f,0xc8,0xc8,0xc8,0xc8,0x84,0x3f,0xa4,0x1e,0xc8,
    0xaa,0x29,0x7f,0x99,0xff,0x00,0xc6,0x0a,0xd0,0x06,0xa9,0x2e,0xc8,0x99,0xff,0x00,
    0x84,0x1e,0xa4,0x3f,0x8a,0x49,0xff,0x29,0x80,0xaa,0xc0,0x24,0xf0,0x04,0xc0,0x3c,
    0xd0,0xa6,0xa4,0x1e,0xb9,0xff,0x00,0x88,0xc9,0x30,0xf0,0xf8,0xc9,0x2e,0xf0,0x01,
    0xc8,0xa9,0x2b,0xa6,0x0b,0xf0,0x2e,0x10,0x08,0xa9,0x00,0x38,0xe5,0x0b,0xaa,0xa9,
    0x2d,0x99,0x01,0x01,0xa9,0x45,0x99,0x00,0x01,0x8a,0xa2,0x2f,0x38,0xe8,0xe9,0x0a,
    0xb0,0xfb,0x69,0x3a,0x99,0x03,0x01,0x8a,0x99,0x02,0x01,0xa9,0x00,0x99,0x04,0x01,
    0xf0,0x08,0x99,0xff,0x00,0xa9,0x00,0x99,0x00,0x01,0xa9,0x00,0xa0,0x01,0x60,0x80,
    0x00,0x00,0x00,0x00,0xfa,0x0a,0x1f,0x00,0x00,0x98,0x96,0x80,0xff,0xf0,0xbd,0xc0,
    0x00,0x01,0x86,0xa0,0xff,0xff,0xd8,0xf0,0x00,0x00,0x03,0xe8,0xff,0xff,0xff,0x9c,
    0x00,0x00,0x00,0x0a,0xff,0xff,0xff,0xff,0xff,0xdf,0x0a,0x80,0x00,0x03,0x4b,0xc0,
    0xff,0xff,0x73,0x60,0x00,0x00,0x0e,0x10,0xff,0xff,0xfd,0xa8,0x00,0x00,0x00,0x3c,
    0x20,0x58,0xcb,0xa9,0x5f,0xa0,0xce,0x20,0xee,0xca,0xf0,0x70,0xa5,0x16,0xd0,0x03,
    0x4c,0x45,0xc8,0xa2,0x57,0xa0,0x00,0x20,0x20,0xcb,0xa5,0x1b,0x10,0x0f,0x20,0x18,
    0xcc,0xa9,0x57,0xa0,0x00,0x20,0xa7,0xcb,0xd0,0x03,0x98,0xa4,0x44,0x20,0x4a,0xcb,
    0x98,0x48,0x20,0x36,0xc9,0xa9,0x57,0xa0,0x00,0x20,0x74,0xc9,0x20,0x1c,0xcf,0x68,
    0x4a,0x90,0x0a,0xa5,0x0e,0xf0,0x06,0xa5,0x13,0x49,0xff,0x85,0x13,0x60,0x81,0x38,
    0xaa,0x3b,0x29,0x07,0x71,0x34,0x58,0x3e,0x56,0x74,0x16,0x7e,0xb3,0x1b,0x77,0x2f,
    0xee,0xe3,0x85,0x7a,0x1d,0x84,0x1c,0x2a,0x7c,0x63,0x59,0x58,0x0a,0x7e,0x75,0xfd,
    0xe7,0xc6,0x80,0x31,0x72,0x18,0x10,0x81,0x00,0x00,0x00,0x00,0xa9,0xee,0xa0,0xce,
    0x20,0x74,0xc9,0xa5,0x1d,0x69,0x50,0x90,0x03,0x20,0x6f,0xcb,0x85,0x43,0x20,0x5b,
    0xcb,0xa5,0x0e,0xc9,0x88,0x90,0x03,0x20,0x20,0xca,0x20,0x18,0xcc,0xa5,0x44,0x18,
    0x69,0x81,0xf0,0xf3,0x38,0xe9,0x01,0x48,0xa2,0x05,0xb5,0x16,0xb4,0x0e,0x95,0x0e,
    0x94,0x16,0xca,0x10,0xf5,0xa5,0x43,0x85,0x1d,0x20,0x9f,0xc7,0x20,0xe3,0xce,0xa9,
    0xf3,0xa0,0xce,0x20,0x85,0xcf,0xa9,0x00,0x85,0x1c,0x68,0x20,0x05,0xca,0x60,0x85,
    0x1e,0x84,0x1f,0x20,0x16,0xcb,0xa9,0x4d,0x20,0x74,0xc9,0x20,0x89,0xcf,0xa9,0x4d,
    0xa0,0x00,0x4c,0x74,0xc9,0x85,0x1e,0x84,0x1f,0x20,0x13,0xcb,0xb1,0x1e,0x85,0x14,
    0xa4,0x1e,0xc8,0x98,0xd0,0x02,0xe6,0x1f,0x85,0x1e,0xa4,0x1f,0x20,0x74,0xc9,0xa5,
    0x1e,0xa4,0x1f,0x18,0x69,0x05,0x90,0x01,0xc8,0x85,0x1e,0x84,0x1f,0x20,0xb3,0xc7,
    0xa9,0x52,0xa0,0x00,0xc6,0x14,0xd0,0xe4,0x60,0xa9,0x35,0xa0,0xd0,0x20,0xb3,0xc7,
    0x20,0x58,0xcb,0xa9,0x3a,0xa0,0xd0,0xa6,0x1b,0x20,0x53,0xca,0x20,0x58,0xcb,0x20,
    0x18,0xcc,0xa9,0x00,0x85,0x1c,0x20,0x9f,0xc7,0xa9,0x3f,0xa0,0xd0,0x20,0x9c,0xc7,
    0xa5,0x13,0x48,0x10,0x0d,0x20,0x95,0xc7,0xa5,0x13,0x30,0x09,0xa5,0x45,0x49,0xff,
    0x85,0x45,0x20,0xe3,0xce,0xa9,0x3f,0xa0,0xd0,0x20,0xb3,0xc7,0x68,0x10,0x03,0x20,
    0xe3,0xce,0xa9,0x44,0xa0,0xd0,0x4c,0x6f,0xcf,0x20,0x16,0xcb,0xa9,0x00,0x85,0x45,
    0x20,0xc0,0xcf,0xa2,0x57,0xa0,0x00,0x20,0x28,0xd1,0xa9,0x4d,0xa0,0x00,0x20,0xee,
    0xca,0xa9,0x00,0x85,0x13,0xa5,0x45,0x20,0x31,0xd0,0xa9,0x57,0xa0,0x00,0x4c,0x5b,
    0xca,0x48,0x4c,0xf2,0xcf,0x81,0x49,0x0f,0xda,0xa2,0x83,0x49,0x0f,0xda,0xa2,0x7f,
    0x00,0x00,0x00,0x00,0x05,0x84,0xe6,0x1a,0x2d,0x1b,0x86,0x28,0x07,0xfb,0xf8,0x87,
    0x99,0x68,0x89,0x01,0x87,0x23,0x35,0xdf,0xe1,0x86,0xa5,0x5d,0xe7,0x28,0x83,0x49,
    0x0f,0xda,0xa2,0xa1,0x54,0x46,0x8f,0x13,0x8f,0x52,0x43,0x89,0xcd,0xa5,0x13,0x48,
    0x10,0x03,0x20,0xe3,0xce,0xa5,0x0e,0x48,0xc9,0x81,0x90,0x07,0xa9,0x08,0xa0,0xc9,
    0x20,0x5b,0xca,0xa9,0x9d,0xa0,0xd0,0x20,0x6f,0xcf,0x68,0xc9,0x81,0x90,0x07,0xa9,
    0x35,0xa0,0xd0,0x20,0x9c,0xc7,0x68,0x10,0x03,0x4c,0xe3,0xce,0x60,0x0b,0x76,0xb3,
    0x83,0xbd,0xd3,0x79,0x1e,0xf4,0xa6,0xf5,0x7b,0x83,0xfc,0xb0,0x10,0x7c,0x0c,0x1f,
    0x67,0xca,0x7c,0xde,0x53,0xcb,0xc1,0x7d,0x14,0x64,0x70,0x4c,0x7d,0xb7,0xea,0x51,
    0x7a,0x7d,0x63,0x30,0x88,0x7e,0x7e,0x92,0x44,0x99,0x3a,0x7e,0x4c,0xcc,0x91,0xc7,
    0x7f,0xaa,0xaa,0xaa,0x13,0x81,0x00,0x00,0x00,0x00,0x98,0x35,0x44,0x7a,0x68,0x28,
    0xb1,0x46,0x20,0x77,0xcb,0x30,0x1e,0xd0,0x07,0xa9,0x5c,0xa0,0x00,0x4c,0xee,0xca,
    0xa9,0x5c,0xa0,0x00,0x20,0xee,0xca,0xa9,0xda,0xa0,0xd0,0x20,0x74,0xc9,0xa9,0xde,
    0xa0,0xd0,0x20,0xb3,0xc7,0xa6,0x12,0xa5,0x0f,0x85,0x12,0x86,0x0f,0xa6,0x10,0xa5,
    0x11,0x85,0x10,0x86,0x11,0xa9,0x00,0x85,0x13,0xa5,0x0e,0x85,0x1d,0xa9,0x80,0x85,
    0x0e,0x20,0x23,0xc8,0xa2,0x5c,0xa0,0x00,0x4c,0x20,0xcb,0x80,0x4f,0xc7,0x52,0x58,
    0xa2,0x00,0x4c,0x86,0xc7,0xa2,0x02,0x4c,0x86,0xc7,0xa2,0x04,0x4c,0x86,0xc7,0x4c,
    0x35,0xd1,0xa9,0x2c,0x2c,0xa0,0x00,0xd2,0x04,0xd0,0xe5,0x4c,0x6f,0xc7,0xa9,0x29,
    0x80,0xf3,0xa9,0x28,0x80,0xef,0x18,0x24,0x38,0x24,0x64,0x30,0x03,0xb0,0x04,0x60,
    0x90,0x01,0x60,0xa2,0x08,0x4c,0x86,0xc7,0xc9,0x41,0x90,0x06,0xc9,0x5b,0xb0,0x02,
    0x38,0x60,0x18,0x60,0x20,0x7c,0xd7,0x4c,0x56,0xd1,0x90,0x80,0x00,0x00,0x00,0x20,
    0x6f,0xc7,0x20,0x74,0xd1,0x20,0x56,0xd1,0xa5,0x13,0x30,0x0d,0xa5,0x0e,0xc9,0x90,
    0x90,0x09,0xa9,0x7a,0xa0,0xd1,0x20,0xa7,0xcb,0xd0,0x03,0x4c,0xe7,0xcb,0x4c,0x8a,
    0xc7,0xa2,0x00,0x86,0x64,0x85,0x0f,0x84,0x10,0xa2,0x90,0x4c,0x90,0xcb,0xa9,0x00,
    0xf0,0xef,0x20,0xf7,0xd1,0x8d,0x63,0x03,0x8c,0x64,0x03,0x38,0xa5,0x79,0xe5,0x0c,
    0x85,0x20,0xa8,0xa5,0x7a,0xe5,0x0d,0xaa,0xe8,0x98,0xf0,0x23,0xa5,0x79,0x38,0xe5,
    0x20,0x85,0x79,0xb0,0x03,0xc6,0x7a,0x38,0xa5,0x77,0xe5,0x20,0x85,0x77,0xb0,0x08,
    0xc6,0x78,0x90,0x04,0xb1,0x79,0x91,0x77,0x88,0xd0,0xf9,0xb1,0x79,0x91,0x77,0xc6,
    0x7a,0xc6,0x78,0xca,0xd0,0xf2,0x60,0xcc,0x66,0x03,0x90,0x1c,0xd0,0x05,0xcd,0x65,
    0x03,0x90,0x15,0x48,0x98,0x48,0x20,0xe9,0xd5,0x68,0xa8,0x68,0xcc,0x66,0x03,0x90,
    0x07,0xd0,0x06,0xcd,0x65,0x03,0xb0,0x01,0x60,0x4c,0x35,0xd1,0xa2,0x00,0x20,0x75,
    0xc7,0x86,0x63,0x85,0x7b,0x20,0x75,0xc7,0x20,0x68,0xd1,0xb0,0x03,0x4c,0x30,0xd1,
    0xa2,0x00,0x86,0x64,0x86,0x65,0x20,0x6f,0xc7,0x90,0x05,0x20,0x68,0xd1,0x90,0x0b,
    0xaa,0x20,0x6f,0xc7,0x90,0xfb,0x20,0x68,0xd1,0xb0,0xf6,0xc9,0x24,0xd0,0x06,0xa9,
    0xff,0x85,0x64,0xd0,0x09,0xc9,0x25,0xd0,0x03,0x4c,0x30,0xd1,0x80,0x07,0x8a,0x09,
    0x80,0xaa,0x20,0x6f,0xc7,0x86,0x7c,0x38,0x05,0x68,0xe9,0x28,0xd0,0x03,0x4c,0x0b,
    0xd3,0xa9,0x00,0x85,0x68,0xad,0x5f,0x03,0xae,0x60,0x03,0xa0,0x00,0x86,0x0d,0x85,
    0x0c,0xec,0x62,0x03,0xd0,0x05,0xcd,0x61,0x03,0xf0,0x18,0xa5,0x7b,0xd1,0x0c,0xd0,
    0x08,0xa5,0x7c,0xc8,0xd1,0x0c,0xf0,0x53,0x88,0x18,0xa5,0x0c,0x69,0x07,0x90,0xdf,
    0xe8,0xd0,0xda,0xad,0x61,0x03,0xac,0x62,0x03,0x85,0x0c,0x84,0x0d,0xad,0x63,0x03,
    0xac,0x64,0x03,0x85,0x79,0x84,0x7a,0x18,0x69,0x07,0x90,0x01,0xc8,0x85,0x77,0x84,
    0x78,0x20,0xb2,0xd1,0xa5,0x77,0xa4,0x78,0xc8,0x8d,0x61,0x03,0x8c,0x62,0x03,0xa0,
    0x00,0xa5,0x7b,0x91,0x0c,0xc8,0xa5,0x7c,0x91,0x0c,0xa9,0x00,0xc8,0x91,0x0c,0xc8,
    0x91,0x0c,0xc8,0x91,0x0c,0xc8,0x91,0x0c,0xc8,0x91,0x0c,0xa5,0x0c,0x18,0x69,0x02,
    0xa4,0x0d,0x90,0x01,0xc8,0x85,0x3f,0x84,0x40,0x60,0xa5,0x66,0x0a,0x69,0x05,0x65,
    0x0c,0xa4,0x0d,0x90,0x01,0xc8,0x85,0x77,0x84,0x78,0x60,0xa5,0x63,0x05,0x65,0x48,
    0xa5,0x64,0x48,0xa0,0x00,0x98,0x48,0xa5,0x7c,0x48,0xa5,0x7b,0x48,0x20,0x7f,0xd1,
    0x68,0x85,0x7b,0x68,0x85,0x7c,0x68,0xa8,0xba,0xbd,0x02,0x01,0x48,0xbd,0x01,0x01,
    0x48,0xa5,0x11,0x9d,0x02,0x01,0xa5,0x12,0x9d,0x01,0x01,0xc8,0xc0,0x02,0xb0,0x49,
    0x20,0x75,0xc7,0xc9,0x2c,0xf0,0xce,0x84,0x66,0x20,0x4e,0xd1,0x68,0x85,0x64,0x68,
    0x85,0x65,0x29,0x7f,0x85,0x63,0xae,0x61,0x03,0xad,0x62,0x03,0x86,0x0c,0x85,0x0d,
    0xcd,0x64,0x03,0xd0,0x05,0xec,0x63,0x03,0xf0,0x3c,0xa0,0x00,0xb1,0x0c,0xc8,0xc5,
    0x7b,0xd0,0x06,0xa5,0x7c,0xd1,0x0c,0xf0,0x13,0xc8,0xb1,0x0c,0x18,0x65,0x0c,0xaa,
    0xc8,0xb1,0x0c,0x65,0x0d,0x90,0xd5,0xb0,0xd3,0x4c,0x3a,0xd1,0xa2,0x05,0xa5,0x63,
    0xf0,0x03,0x4c,0x86,0xc7,0x20,0xfa,0xd2,0xa5,0x66,0xa0,0x04,0xd1,0x0c,0xd0,0x03,
    0x4c,0x3d,0xd4,0x4c,0x3a,0xd1,0x20,0xfa,0xd2,0x20,0xf7,0xd1,0xa9,0x00,0xa8,0x85,
    0x1f,0xa2,0x05,0xa5,0x7b,0x91,0x0c,0x10,0x01,0xca,0xc8,0xa5,0x7c,0x91,0x0c,0x10,
    0x02,0xca,0xca,0x86,0x1e,0xa5,0x66,0xc8,0xc8,0xc8,0x91,0x0c,0xa2,0x0b,0xa9,0x00,
    0x24,0x63,0x50,0x08,0x68,0x18,0x69,0x01,0xaa,0x68,0x69,0x00,0xc8,0x91,0x0c,0xc8,
    0x8a,0x91,0x0c,0x20,0x9a,0xd4,0x86,0x1e,0x85,0x1f,0xa4,0x20,0xc6,0x66,0xf0,0x03,
    0x4c,0xcc,0xd3,0x65,0x78,0x90,0x03,0x4c,0x3f,0xd1,0x85,0x78,0xa8,0x8a,0x65,0x77,
    0x90,0x06,0xc8,0xd0,0x03,0x4c,0x3f,0xd1,0x20,0xf7,0xd1,0x8d,0x63,0x03,0x8c,0x64,
    0x03,0xa9,0x00,0xe6,0x1f,0xa4,0x1e,0xf0,0x05,0x88,0x91,0x77,0xd0,0xfb,0xc6,0x78,
    0xc6,0x1f,0xd0,0xf5,0xe6,0x78,0x38,0xad,0x63,0x03,0xe5,0x0c,0xa0,0x02,0x91,0x0c,
    0xad,0x64,0x03,0xc8,0xe5,0x0d,0x91,0x0c,0xa5,0x63,0xd0,0x5d,0xc8,0xb1,0x0c,0x85,
    0x66,0xa9,0x00,0x85,0x1e,0x85,0x1f,0xc8,0x68,0xaa,0x85,0x11,0x68,0x85,0x12,0xd1,
    0x0c,0x90,0x0b,0xd0,0x06,0xc8,0x8a,0xd1,0x0c,0x90,0x04,0x4c,0x3a,0xd1,0xc8,0xa5,
    0x1f,0x05,0x1e,0x18,0xf0,0x0a,0x20,0x9a,0xd4,0x8a,0x65,0x11,0xaa,0x98,0xa4,0x20,
    0x65,0x12,0x86,0x1e,0xc6,0x66,0xd0,0xcd,0xa2,0x05,0xa5,0x7b,0x10,0x01,0xca,0xa5,
    0x7c,0x10,0x02,0xca,0xca,0x86,0x4a,0xa9,0x00,0x20,0xa3,0xd4,0x8a,0x65,0x77,0x85,
    0x3f,0x98,0x65,0x78,0x85,0x40,0xa8,0xa5,0x3f,0x60,0x84,0x20,0xb1,0x0c,0x85,0x4a,
    0x88,0xb1,0x0c,0x85,0x4b,0xa9,0x10,0x85,0x0a,0xa2,0x00,0xa0,0x00,0x8a,0x0a,0xaa,
    0x98,0x2a,0xa8,0xb0,0x11,0x06,0x1e,0x26,0x1f,0x90,0x0e,0x18,0x8a,0x65,0x4a,0xaa,
    0x98,0x65,0x4b,0xa8,0x90,0x03,0x4c,0x3f,0xd1,0xc6,0x0a,0xd0,0xe0,0x60,0xa6,0x11,
    0xa4,0x12,0x86,0x7d,0x84,0x7e,0x20,0x45,0xd5,0x86,0x0f,0x84,0x10,0x85,0x0e,0x60,
    0xa2,0x22,0x86,0x44,0x86,0x6a,0x85,0x1c,0x84,0x1d,0x85,0x0f,0x84,0x10,0xa0,0xff,
    0xc8,0xb1,0x1c,0xf0,0x0c,0xc5,0x44,0xf0,0x04,0xc5,0x6a,0xd0,0xf3,0xc9,0x22,0xf0,
    0x01,0x18,0x84,0x0e,0x98,0x65,0x1c,0x85,0x1e,0xa6,0x1d,0x90,0x01,0xe8,0x86,0x1f,
    0x98,0x20,0xce,0xd4,0xa6,0x1c,0xa4,0x1d,0x20,0x80,0xd5,0xa6,0x6b,0xe0,0x77,0xd0,
    0x05,0xa2,0x0a,0x4c,0x86,0xc7,0xa5,0x0e,0x95,0x00,0xa5,0x0f,0x95,0x01,0xa5,0x10,
    0x95,0x02,0xa0,0x00,0x86,0x11,0x84,0x12,0x84,0x1d,0x88,0x84,0x64,0x86,0x6c,0xe8,
    0xe8,0xe8,0x86,0x6b,0x60,0x46,0x67,0x48,0x49,0xff,0x38,0x6d,0x65,0x03,0xac,0x66,
    0x03,0xb0,0x01,0x88,0xcc,0x64,0x03,0x90,0x14,0xd0,0x05,0xcd,0x63,0x03,0x90,0x0d,
    0x8d,0x65,0x03,0x8c,0x66,0x03,0x85,0x84,0x84,0x85,0xaa,0x68,0x60,0xa2,0x02,0xa5,
    0x67,0x30,0x0a,0x20,0xe9,0xd5,0xa9,0x80,0x85,0x67,0x68,0xd0,0xca,0x4c,0x86,0xc7,
    0x86,0x20,0x84,0x21,0xa8,0xf0,0x0a,0x48,0x88,0xb1,0x20,0x91,0x84,0x98,0xd0,0xf8,
    0x68,0x18,0x65,0x84,0x85,0x84,0x90,0x02,0xe6,0x85,0x60,0x20,0x58,0xd1,0xa5,0x11,
    0xa4,0x12,0x85,0x20,0x84,0x21,0x20,0xd8,0xd5,0x08,0xa0,0x00,0xb1,0x20,0x48,0xc8,
    0xb1,0x20,0xaa,0xc8,0xb1,0x20,0xa8,0x68,0x28,0xd0,0x18,0xcc,0x66,0x03,0xd0,0x13,
    0xec,0x65,0x03,0xd0,0x0e,0x48,0x18,0x6d,0x65,0x03,0x8d,0x65,0x03,0x90,0x03,0xee,
    0x66,0x03,0x68,0x86,0x20,0x84,0x21,0x60,0xc4,0x6d,0xd0,0x0c,0xc5,0x6c,0xd0,0x08,
    0x85,0x6b,0xe9,0x03,0x85,0x6c,0xa0,0x00,0x60,0xae,0x67,0x03,0xad,0x68,0x03,0x8e,
    0x65,0x03,0x8d,0x66,0x03,0xa0,0x00,0x84,0x82,0x84,0x81,0xad,0x63,0x03,0xae,0x64,
    0x03,0x85,0x0c,0x86,0x0d,0xa9,0x6e,0xa2,0x00,0x85,0x20,0x86,0x21,0xa9,0x03,0x85,
    0x7f,0xc5,0x6b,0xf0,0x05,0x20,0x98,0xd6,0xf0,0xf7,0xa9,0x07,0x85,0x7f,0xad,0x5f,
    0x03,0xae,0x60,0x03,0x85,0x20,0x86,0x21,0xec,0x62,0x03,0xd0,0x05,0xcd,0x61,0x03,
    0xf0,0x05,0x20,0x8e,0xd6,0xf0,0xf1,0x85,0x77,0x86,0x78,0xa9,0x03,0x85,0x7f,0xa5,
    0x77,0xa6,0x78,0xec,0x64,0x03,0xd0,0x08,0xcd,0x63,0x03,0xd0,0x03,0x4c,0xd9,0xd6,
    0x85,0x20,0x86,0x21,0xa0,0x00,0xb1,0x20,0xaa,0xc8,0xb1,0x20,0x08,0xc8,0xb1,0x20,
    0x65,0x77,0x85,0x77,0xc8,0xb1,0x20,0x65,0x78,0x85,0x78,0x28,0x10,0xd1,0x8a,0x30,
    0xce,0xc8,0xb1,0x20,0x0a,0x69,0x05,0x65,0x20,0x85,0x20,0x90,0x02,0xe6,0x21,0xa6,
    0x21,0xe4,0x78,0xd0,0x04,0xc5,0x77,0xf0,0xba,0x20,0x98,0xd6,0xf0,0xf3,0xb1,0x20,
    0x30,0x37,0xc8,0xb1,0x20,0x10,0x32,0xc8,0xb1,0x20,0xf0,0x2d,0xc8,0xb1,0x20,0xaa,
    0xc8,0xb1,0x20,0xcd,0x66,0x03,0x90,0x07,0xd0,0x1f,0xec,0x65,0x03,0xb0,0x1a,0xc5,
    0x0d,0x90,0x16,0xd0,0x04,0xe4,0x0c,0x90,0x10,0x86,0x0c,0x85,0x0d,0xa5,0x20,0xa6,
    0x21,0x85,0x81,0x86,0x82,0xa5,0x7f,0x85,0x83,0xa5,0x7f,0x18,0x65,0x20,0x85,0x20,
    0x90,0x02,0xe6,0x21,0xa6,0x21,0xa0,0x00,0x60,0xa5,0x82,0x05,0x81,0xf0,0x33,0xa5,
    0x83,0xe9,0x03,0x4a,0xa8,0x85,0x83,0xb1,0x81,0x65,0x0c,0x85,0x79,0xa5,0x0d,0x69,
    0x00,0x85,0x7a,0xad,0x65,0x03,0xae,0x66,0x03,0x85,0x77,0x86,0x78,0x20,0xbb,0xd1,
    0xa4,0x83,0xc8,0xa5,0x77,0x91,0x81,0xaa,0xe6,0x78,0xa5,0x78,0xc8,0x91,0x81,0x4c,
    0xef,0xd5,0x60,0x68,0xa8,0x68,0xa2,0xff,0x9a,0x8e,0x75,0x03,0x48,0x98,0x48,0xad,
    0x5f,0x03,0x8d,0x61,0x03,0x8d,0x63,0x03,0xad,0x60,0x03,0x8d,0x62,0x03,0x8d,0x64,
    0x03,0xad,0x67,0x03,0x8d,0x65,0x03,0xad,0x68,0x03,0x8d,0x66,0x03,0xa9,0x6e,0x85,
    0x6b,0x64,0x6c,0x64,0x6d,0x38,0xad,0x5d,0x03,0xe9,0x01,0x8d,0x1a,0x03,0xad,0x5e,
    0x03,0xe9,0x00,0x8d,0x1b,0x03,0x9c,0x6b,0x03,0x9c,0x6c,0x03,0x9c,0x6d,0x03,0x9c,
    0x6e,0x03,0x9c,0x1c,0x03,0x9c,0x1d,0x03,0x9c,0x1e,0x03,0x9c,0x1f,0x03,0x9c,0x0e,
    0x03,0x64,0x63,0x64,0x68,0x64,0x64,0x64,0x65,0x64,0x67,0x60,0x4c,0xe7,0xd7,0x68,
    0xa8,0x68,0xaa,0xa5,0x64,0x48,0xa5,0x0e,0x48,0xa5,0x0f,0x48,0xa5,0x10,0x48,0xa5,
    0x11,0x48,0xa5,0x12,0x48,0xa5,0x13,0x48,0xa5,0x1d,0x48,0x8a,0x48,0x98,0x48,0x60,
    0x68,0xa8,0x68,0xaa,0x68,0x85,0x43,0x68,0x85,0x1b,0x68,0x85,0x1a,0x68,0x85,0x19,
    0x68,0x85,0x18,0x68,0x85,0x17,0x68,0x85,0x16,0x68,0x85,0x86,0x8a,0x48,0x98,0x48,
    0x60,0x68,0xa8,0x68,0xaa,0x68,0x85,0x1d,0x68,0x85,0x13,0x68,0x85,0x12,0x68,0x85,
    0x11,0x68,0x85,0x10,0x68,0x85,0x0f,0x68,0x85,0x0e,0x68,0x85,0x64,0x8a,0x48,0x98,
    0x48,0x60,0xa2,0x08,0x4c,0x86,0xc7,0x20,0x09,0xd8,0x20,0x75,0xc7,0xc9,0xa3,0xd0,
    0x17,0x20,0x56,0xd1,0x20,0x6f,0xc7,0x20,0x7f,0xd7,0x20,0x09,0xd8,0x20,0x56,0xd1,
    0x20,0xa0,0xd7,0x20,0x08,0xdf,0x80,0xe2,0x60,0x20,0x2b,0xd8,0x20,0x75,0xc7,0xc9,
    0xa2,0xd0,0x17,0x20,0x56,0xd1,0x20,0x6f,0xc7,0x20,0x7f,0xd7,0x20,0x2b,0xd8,0x20,
    0x56,0xd1,0x20,0xa0,0xd7,0x20,0xeb,0xde,0x80,0xe2,0x60,0x20,0x75,0xc7,0xc9,0xa0,
    0xd0,0x0c,0x20,0x6f,0xc7,0x20,0x2b,0xd8,0x20,0x56,0xd1,0x4c,0x25,0xdf,0x20,0x3b,
    0xd9,0xa2,0x00,0x20,0x75,0xc7,0xc9,0x3d,0xf0,0x0a,0xc9,0x3c,0xf0,0x0a,0xc9,0x3e,
    0xf0,0x0a,0x80,0x1d,0xa0,0x02,0x80,0x06,0xa0,0x04,0x80,0x02,0xa0,0x01,0x84,0x45,
    0x8a,0x25,0x45,0xd0,0x09,0x8a,0x05,0x45,0xaa,0x20,0x6f,0xc7,0x80,0xd5,0x4c,0x30,
    0xd1,0xe0,0x00,0xd0,0x01,0x60,0x86,0x45,0x20,0x7f,0xd7,0x20,0x3b,0xd9,0x20,0xa0,
    0xd7,0xa5,0x86,0x45,0x64,0x10,0x03,0x4c,0xe2,0xd7,0x24,0x64,0x30,0x03,0x4c,0x94,
    0xd8,0x4c,0xc3,0xd8,0xa5,0x1b,0x09,0x7f,0x25,0x17,0x85,0x17,0xa9,0x16,0xa0,0x00,
    0x20,0xa7,0xcb,0xaa,0x30,0x06,0xf0,0x08,0xa9,0x04,0x80,0x06,0xa9,0x01,0x80,0x02,
    0xa9,0x02,0x25,0x45,0xf0,0x07,0xa9,0xff,0xa0,0xff,0x4c,0xa1,0xd1,0xa9,0x00,0xa8,
    0x4c,0xa1,0xd1,0xa5,0x17,0x85,0x20,0xa5,0x18,0x85,0x21,0xa5,0x0f,0x85,0x3a,0xa5,
    0x10,0x85,0x3b,0xa5,0x16,0x85,0x3c,0xa5,0x0e,0x85,0x3d,0xa0,0x00,0xc4,0x3c,0xf0,
    0x17,0xc4,0x3d,0xf0,0x1b,0xb1,0x20,0xd1,0x3a,0xf0,0x0a,0x90,0x04,0xa9,0x01,0x80,
    0x15,0xa9,0x04,0x80,0x11,0xc8,0x80,0xe5,0xc4,0x3d,0xf0,0x08,0xa9,0x04,0x80,0x06,
    0xa9,0x01,0x80,0x02,0xa9,0x02,0x25,0x45,0xf0,0x05,0xa9,0xff,0xa8,0x80,0x03,0xa9,
    0x00,0xa8,0x48,0x5a,0x24,0x64,0x10,0x03,0x20,0x9e,0xd5,0xa5,0x16,0x85,0x0e,0xa5,
    0x17,0x85,0x0f,0xa5,0x18,0x85,0x10,0xa5,0x19,0x85,0x11,0xa5,0x1a,0x85,0x12,0xa9,
    0xff,0x85,0x64,0x20,0x9e,0xd5,0x7a,0x68,0x4c,0xa1,0xd1,0x20,0xe8,0xd9,0x20,0x75,
    0xc7,0xc9,0x2b,0xf0,0x05,0xc9,0x2d,0xf0,0x27,0x60,0x20,0x6f,0xc7,0x20,0x7f,0xd7,
    0x20,0xe8,0xd9,0x20,0xa0,0xd7,0xa5,0x86,0x45,0x64,0x10,0x03,0x4c,0xe2,0xd7,0x24,
    0x64,0x30,0x28,0xa5,0x1b,0x45,0x13,0x85,0x1c,0xa5,0x0e,0x20,0xb6,0xc7,0x80,0xce,
    0x20,0x6f,0xc7,0x20,0x7f,0xd7,0x20,0xe8,0xd9,0x20,0x56,0xd1,0x20,0xa0,0xd7,0xa5,
    0x86,0x10,0x03,0x4c,0xe2,0xd7,0x20,0x9f,0xc7,0x80,0xb3,0x20,0x90,0xd9,0x80,0xae,
    0xa5,0x0e,0x85,0x4d,0xa5,0x0f,0x85,0x4e,0xa5,0x10,0x85,0x4f,0x18,0xa5,0x16,0x65,
    0x4d,0xb0,0x40,0x85,0x50,0x20,0xdc,0xde,0xa5,0x50,0x20,0x45,0xd5,0xa5,0x17,0x85,
    0x20,0xa5,0x18,0x85,0x21,0xa5,0x16,0xf0,0x03,0x20,0x84,0xd5,0xa5,0x4e,0x85,0x20,
    0xa5,0x4f,0x85,0x21,0xa5,0x4d,0xf0,0x03,0x20,0x84,0xd5,0xa5,0x50,0x85,0x0e,0x38,
    0xa5,0x84,0xe5,0x50,0x85,0x0f,0xa5,0x85,0xe9,0x00,0x85,0x10,0xa9,0xff,0x85,0x64,
    0x4c,0x1b,0xd5,0xa2,0x09,0x4c,0x86,0xc7,0x20,0x43,0xda,0x20,0x75,0xc7,0xc9,0x2a,
    0xf0,0x05,0xc9,0x2f,0xf0,0x27,0x60,0x20,0x56,0xd1,0x20,0x6f,0xc7,0x20,0x7f,0xd7,
    0x20,0x43,0xda,0x20,0x56,0xd1,0x20,0xa0,0xd7,0xa5,0x86,0x10,0x03,0x4c,0xe2,0xd7,
    0xa5,0x1b,0x45,0x13,0x85,0x1c,0xa5,0x0e,0x20,0x77,0xc9,0x80,0xce,0x20,0x56,0xd1,
    0x20,0x6f,0xc7,0x20,0x7f,0xd7,0x20,0x43,0xda,0x20,0x56,0xd1,0x20,0xa0,0xd7,0xa5,
    0x86,0x10,0x03,0x4c,0xe2,0xd7,0xa5,0x1b,0x45,0x13,0x85,0x1c,0xa5,0x0e,0x20,0x5e,
    0xca,0x80,0xa8,0x20,0x6e,0xda,0x20,0x75,0xc7,0xc9,0x5e,0xd0,0x20,0x20,0x56,0xd1,
    0x20,0x6f,0xc7,0x20,0x7f,0xd7,0x20,0x43,0xda,0x20,0x56,0xd1,0x20,0xa0,0xd7,0xa5,
    0x86,0x10,0x03,0x4c,0xe2,0xd7,0xa5,0x0e,0x20,0xaa,0xce,0x80,0xd9,0x60,0x20,0x75,
    0xc7,0xc9,0x2d,0xf0,0x07,0xc9,0x2b,0xf0,0x13,0x4c,0x92,0xda,0x20,0x6f,0xc7,0x20,
    0x43,0xda,0x20,0x56,0xd1,0xa5,0x13,0x49,0xff,0x85,0x13,0x60,0x20,0x6f,0xc7,0x4c,
    0x6e,0xda,0x64,0x64,0x20,0x75,0xc7,0x90,0x2e,0xc9,0x2e,0xf0,0x2a,0xc9,0x22,0xf0,
    0x29,0xc9,0x28,0xf0,0x3d,0x20,0x68,0xd1,0xb0,0x41,0xc9,0xcd,0xf0,0x64,0xc9,0x9d,
    0xf0,0x12,0xc9,0xb1,0xf0,0x08,0xc9,0xb6,0x90,0x07,0xc9,0xd1,0xb0,0x03,0x4c,0x34,
    0xdb,0x4c,0x30,0xd1,0x4c,0x7e,0xe6,0x4c,0x3f,0xcc,0xe6,0x04,0xd0,0x02,0xe6,0x05,
    0xa5,0x04,0xa4,0x05,0x20,0xe0,0xd4,0xa5,0x1e,0x85,0x04,0xa5,0x1f,0x85,0x05,0x4c,
    0x75,0xc7,0x20,0x6f,0xc7,0x20,0x7c,0xd7,0x4c,0x4e,0xd1,0x20,0x1c,0xd2,0x24,0x64,
    0x30,0x07,0xa5,0x3f,0xa4,0x40,0x4c,0xee,0xca,0xa0,0x00,0xb1,0x3f,0x85,0x0e,0xc8,
    0xb1,0x3f,0x85,0x0f,0xc8,0xb1,0x3f,0x85,0x10,0xa5,0x3f,0x85,0x11,0xa5,0x40,0x85,
    0x12,0x60,0x20,0x6f,0xc7,0xad,0x0e,0x03,0xf0,0x09,0xa0,0x00,0x8c,0x0e,0x03,0xa8,
    0x4c,0xae,0xd1,0x20,0x0c,0xa0,0xf0,0x07,0x20,0x09,0xa0,0xa8,0x4c,0xae,0xd1,0xa0,
    0x00,0x4c,0xae,0xd1,0xa2,0x00,0xbd,0x52,0xdb,0xf0,0x14,0xd2,0x04,0xf0,0x05,0xe8,
    0xe8,0xe8,0x80,0xf2,0xbd,0x54,0xdb,0x48,0xbd,0x53,0xdb,0x48,0x4c,0x6f,0xc7,0x4c,
    0x30,0xd1,0xb6,0xcb,0xdb,0xb7,0xd1,0xdb,0xb8,0xd7,0xdb,0xb9,0x10,0xdc,0xba,0x24,
    0xdc,0xbb,0xdd,0xdb,0xbc,0x07,0xdc,0xbd,0xe3,0xdb,0xbe,0xe9,0xdb,0xbf,0xef,0xdb,
    0xc0,0xf5,0xdb,0xc1,0xfb,0xdb,0xc2,0x01,0xdc,0xc3,0x2d,0xdc,0xc4,0xf9,0xdc,0xc5,
    0x49,0xdd,0xc6,0x53,0xdd,0xc7,0x07,0xdd,0xc8,0x26,0xdd,0xc9,0xb4,0xdd,0xca,0xef,
    0xdd,0xcb,0x2f,0xde,0xcc,0x43,0xdc,0xb1,0x70,0xdc,0xce,0x0d,0xdc,0xcf,0x8a,0xdc,
    0xd0,0x93,0xdc,0x00,0x20,0x52,0xd1,0x20,0x7c,0xd7,0x20,0x56,0xd1,0x4c,0x4e,0xd1,
    0x20,0x52,0xd1,0x20,0x7c,0xd7,0x20,0x58,0xd1,0x4c,0x4e,0xd1,0x20,0xa4,0xdb,0x20,
    0x8c,0xd1,0xa5,0x11,0xd0,0x03,0xa5,0x12,0x60,0x4c,0x8a,0xc7,0x20,0xa4,0xdb,0x4c,
    0x85,0xcb,0x20,0xa4,0xdb,0x4c,0x18,0xcc,0x20,0xa4,0xdb,0x4c,0xa4,0xcb,0x20,0xa4,
    0xdb,0x4c,0xa0,0xce,0x20,0xa4,0xdb,0x4c,0x36,0xc9,0x20,0xa4,0xdb,0x4c,0x1c,0xcf,
    0x20,0xa4,0xdb,0x4c,0xb9,0xcf,0x20,0xa4,0xdb,0x4c,0xc0,0xcf,0x20,0xa4,0xdb,0x4c,
    0x09,0xd0,0x20,0xa4,0xdb,0x4c,0x6d,0xd0,0x20,0xa4,0xdb,0x4c,0xe2,0xd0,0x4c,0xa4,
    0xdb,0x20,0xa4,0xdb,0x38,0xad,0x65,0x03,0xed,0x63,0x03,0xa8,0xad,0x66,0x03,0xed,
    0x64,0x03,0x4c,0xa1,0xd1,0x20,0xa4,0xdb,0xac,0x70,0x03,0x4c,0xae,0xd1,0x20,0xa4,
    0xdb,0x20,0x43,0xe7,0xa5,0x12,0x85,0x20,0xa5,0x11,0x85,0x21,0xa0,0x00,0xb1,0x20,
    0xa8,0x4c,0xae,0xd1,0x20,0xbc,0xdb,0x48,0xad,0x0d,0x03,0x29,0x20,0xf0,0x1c,0x68,
    0xc9,0x01,0xf0,0x09,0xc9,0x02,0xf0,0x0c,0xa2,0x0b,0x4c,0x86,0xc7,0x20,0x48,0xa0,
    0xa8,0x4c,0xae,0xd1,0x20,0x4b,0xa0,0xa8,0x4c,0xae,0xd1,0x68,0xa0,0xff,0x4c,0xae,
    0xd1,0x20,0xbc,0xdb,0x48,0xad,0x0d,0x03,0x29,0x04,0xf0,0x09,0x68,0xaa,0x20,0x66,
    0xa0,0xa8,0x4c,0xae,0xd1,0x68,0xa0,0x00,0x4c,0xae,0xd1,0x20,0x9d,0xdc,0x10,0x01,
    0x60,0x4c,0x48,0xcb,0x20,0x9d,0xdc,0x10,0x03,0x4c,0x48,0xcb,0x60,0x20,0x52,0xd1,
    0x20,0x7c,0xd7,0x20,0x56,0xd1,0x20,0x7f,0xd7,0x20,0x42,0xd1,0x20,0x7c,0xd7,0x20,
    0x56,0xd1,0x20,0x4e,0xd1,0x20,0xa0,0xd7,0xa5,0x16,0x85,0x4d,0xa5,0x17,0x85,0x4e,
    0xa5,0x18,0x85,0x4f,0xa5,0x19,0x85,0x50,0xa5,0x1a,0x85,0x51,0xa5,0x1b,0x85,0x52,
    0xa5,0x1b,0x09,0x7f,0x25,0x17,0x85,0x17,0xa9,0x16,0xa0,0x00,0x20,0xa7,0xcb,0x48,
    0xa5,0x4d,0x85,0x16,0xa5,0x4e,0x85,0x17,0xa5,0x4f,0x85,0x18,0xa5,0x50,0x85,0x19,
    0xa5,0x51,0x85,0x1a,0xa5,0x52,0x85,0x1b,0x68,0x60,0x20,0xb0,0xdb,0xa5,0x0e,0x48,
    0x20,0x9e,0xd5,0x68,0xa8,0x4c,0xae,0xd1,0x20,0xb0,0xdb,0xa5,0x0e,0xf0,0x15,0xa5,
    0x0f,0x85,0x20,0xa5,0x10,0x85,0x21,0xa0,0x00,0xb1,0x20,0x48,0x20,0x9e,0xd5,0x68,
    0xa8,0x4c,0xae,0xd1,0x4c,0x8a,0xc7,0x20,0xbc,0xdb,0x48,0xa9,0x01,0x20,0x45,0xd5,
    0x68,0xa0,0x00,0x91,0x84,0xa9,0x01,0x85,0x0e,0xa5,0x84,0x85,0x0f,0xa5,0x85,0x85,
    0x10,0xe6,0x84,0xd0,0x02,0xe6,0x85,0x4c,0x1b,0xd5,0x20,0xa4,0xdb,0x20,0x2b,0xcd,
    0x20,0xe0,0xd4,0x60,0x20,0xb0,0xdb,0xa5,0x0e,0xd0,0x08,0x20,0x9e,0xd5,0x64,0x64,
    0x4c,0x43,0xc8,0x85,0x4d,0xa5,0x0f,0x85,0x4e,0xa5,0x10,0x85,0x4f,0x20,0x9e,0xd5,
    0xa5,0x4e,0x85,0x20,0xa5,0x4f,0x85,0x21,0xa4,0x4d,0xb1,0x20,0x85,0x50,0xa9,0x00,
    0x91,0x20,0xa5,0x04,0x48,0xa5,0x05,0x48,0xa5,0x4e,0x85,0x04,0xa5,0x4f,0x85,0x05,
    0xa5,0x04,0xd0,0x02,0xc6,0x05,0xc6,0x04,0x20,0x6f,0xc7,0x20,0x3f,0xcc,0xa5,0x4e,
    0x85,0x20,0xa5,0x4f,0x85,0x21,0xa4,0x4d,0xa5,0x50,0x91,0x20,0x68,0x85,0x05,0x68,
    0x85,0x04,0x64,0x64,0x60,0x20,0x52,0xd1,0x20,0x7c,0xd7,0x20,0x58,0xd1,0x20,0x42,
    0xd1,0x20,0x7f,0xd7,0x20,0x7c,0xd7,0x20,0x56,0xd1,0x20,0x4e,0xd1,0x20,0x8c,0xd1,
    0x20,0xa0,0xd7,0xa5,0x11,0xd0,0x16,0xa5,0x12,0x85,0x3b,0xa5,0x3b,0xc5,0x16,0x90,
    0x02,0xa5,0x16,0x85,0x3b,0x20,0xd5,0xde,0x64,0x3a,0x4c,0x9a,0xde,0x4c,0x8a,0xc7,
    0x20,0x52,0xd1,0x20,0x7c,0xd7,0x20,0x58,0xd1,0x20,0x42,0xd1,0x20,0x7f,0xd7,0x20,
    0x7c,0xd7,0x20,0x56,0xd1,0x20,0x4e,0xd1,0x20,0x8c,0xd1,0x20,0xa0,0xd7,0xa5,0x11,
    0xd0,0x1b,0xa5,0x12,0x85,0x3b,0xa5,0x3b,0xc5,0x16,0x90,0x02,0xa5,0x16,0x85,0x3b,
    0xa5,0x16,0x38,0xe5,0x3b,0x85,0x3a,0x20,0xd5,0xde,0x4c,0x9a,0xde,0x4c,0x8a,0xc7,
    0x20,0x52,0xd1,0x20,0x7c,0xd7,0x20,0x58,0xd1,0x20,0x42,0xd1,0x20,0x7f,0xd7,0x20,
    0x7c,0xd7,0x20,0x56,0xd1,0x20,0x8c,0xd1,0xa5,0x11,0xd0,0x4b,0xa5,0x12,0xf0,0x47,
    0x38,0xe9,0x01,0x48,0x20,0x75,0xc7,0xc9,0x2c,0xf0,0x04,0xa9,0xff,0x80,0x12,0x20,
    0x6f,0xc7,0x20,0x7c,0xd7,0x20,0x56,0xd1,0x20,0x8c,0xd1,0xa5,0x11,0xd0,0x28,0xa5,
    0x12,0x85,0x3b,0x68,0x85,0x3a,0x20,0x4e,0xd1,0x20,0xa0,0xd7,0xa5,0x3a,0xc5,0x16,
    0x90,0x04,0xa5,0x16,0x85,0x3a,0x38,0xa5,0x16,0xe5,0x3a,0xc5,0x3b,0xb0,0x02,0x85,
    0x3b,0x20,0xd5,0xde,0x4c,0x9a,0xde,0x4c,0x8a,0xc7,0xa5,0x3b,0x20,0x45,0xd5,0x18,
    0xa5,0x17,0x65,0x3a,0x85,0x20,0xa5,0x18,0x69,0x00,0x85,0x21,0xa4,0x3b,0xf0,0x0b,
    0xa0,0x00,0xb1,0x20,0x91,0x84,0xc8,0xc4,0x3b,0xd0,0xf7,0xa5,0x3b,0x85,0x0e,0xa5,
    0x84,0x85,0x0f,0xa5,0x85,0x85,0x10,0x18,0xa5,0x84,0x65,0x3b,0x85,0x84,0x90,0x02,
    0xe6,0x85,0x4c,0x1b,0xd5,0xa5,0x19,0xa4,0x1a,0x4c,0xd8,0xd5,0xa5,0x11,0xa4,0x12,
    0x20,0xd8,0xd5,0xa5,0x19,0xa4,0x1a,0x4c,0xd8,0xd5,0x60,0x20,0x8c,0xd1,0xa5,0x11,
    0x85,0x3a,0xa5,0x12,0x85,0x3b,0x20,0x48,0xcb,0x20,0x8c,0xd1,0xa5,0x12,0x25,0x3b,
    0xa8,0xa5,0x11,0x25,0x3a,0x4c,0xa1,0xd1,0x20,0x8c,0xd1,0xa5,0x11,0x85,0x3a,0xa5,
    0x12,0x85,0x3b,0x20,0x48,0xcb,0x20,0x8c,0xd1,0xa5,0x12,0x05,0x3b,0xa8,0xa5,0x11,
    0x05,0x3a,0x4c,0xa1,0xd1,0x20,0x8c,0xd1,0xa5,0x12,0x49,0xff,0xa8,0xa5,0x11,0x49,
    0xff,0x4c,0xa1,0xd1,0x20,0x1c,0xd2,0xa5,0x3f,0x48,0xa5,0x40,0x48,0xa5,0x64,0x48,
    0x20,0x75,0xc7,0xc9,0x3d,0xd0,0x36,0x20,0x6f,0xc7,0x20,0x7c,0xd7,0x68,0x85,0x3e,
    0x45,0x64,0x30,0x2f,0x68,0x85,0x40,0x68,0x85,0x3f,0x24,0x3e,0x30,0x07,0xa6,0x3f,
    0xa4,0x40,0x4c,0x20,0xcb,0xa0,0x00,0xa5,0x0e,0x91,0x3f,0xc8,0xa5,0x0f,0x91,0x3f,
    0xc8,0xa5,0x10,0x91,0x3f,0xa5,0x11,0xa4,0x12,0x20,0xd8,0xd5,0x60,0x68,0x68,0x68,
    0x4c,0x30,0xd1,0x68,0x68,0xa2,0x08,0x4c,0x86,0xc7,0x20,0x23,0xe0,0xad,0x6a,0x03,
    0xc9,0xff,0xf0,0x0e,0xa5,0x04,0x8d,0x6d,0x03,0xa5,0x05,0x8d,0x6e,0x03,0xba,0x8e,
    0x75,0x03,0xa0,0x00,0xb1,0x04,0xf0,0x10,0xc9,0xa4,0xf0,0x07,0xc9,0x3a,0xf0,0x37,
    0x4c,0x30,0xd1,0x20,0x6f,0xc7,0xd0,0xfb,0xad,0x6a,0x03,0xc9,0xff,0xd0,0x03,0x4c,
    0x35,0xc0,0xa0,0x02,0xb1,0x04,0xd0,0x09,0xa2,0xff,0x9a,0x8e,0x75,0x03,0x4c,0x35,
    0xc0,0xc8,0xb1,0x04,0x8d,0x69,0x03,0xc8,0xb1,0x04,0x8d,0x6a,0x03,0x98,0x18,0x65,
    0x04,0x85,0x04,0x90,0x02,0xe6,0x05,0x20,0x6f,0xc7,0x20,0xf0,0xdf,0x4c,0x8a,0xdf,
    0xf0,0x30,0x38,0xe9,0x80,0x90,0x25,0xc9,0x36,0xb0,0x0d,0x0a,0xa8,0xb9,0x01,0xeb,
    0x48,0xb9,0x00,0xeb,0x48,0x4c,0x6f,0xc7,0x38,0xe9,0x51,0xc9,0x04,0xb0,0x10,0x0a,
    0xa8,0xb9,0x78,0xac,0x48,0xb9,0x77,0xac,0x48,0x4c,0x6f,0xc7,0x4c,0x34,0xdf,0x4c,
    0x30,0xd1,0x60,0xad,0x6a,0x03,0xc9,0xff,0xf0,0x13,0x20,0x0c,0xa0,0xf0,0x0e,0x20,
    0x09,0xa0,0xc9,0x03,0xf0,0x08,0xc9,0x1b,0xf0,0x04,0x8d,0x0e,0x03,0x60,0xad,0x69,
    0x03,0x8d,0x6b,0x03,0xad,0x6a,0x03,0x8d,0x6c,0x03,0xae,0x75,0x03,0x9a,0x20,0x93,
    0xa0,0xa9,0x5b,0xa0,0xe0,0x20,0x90,0xa0,0x4c,0x1e,0xc7,0x42,0x52,0x45,0x41,0x4b,
    0x00,0xa2,0x00,0x86,0x08,0x86,0x09,0xb0,0x3a,0xe9,0x2f,0x85,0x44,0xa5,0x08,0x85,
    0x3a,0xa5,0x09,0x85,0x3b,0xc9,0x19,0xb0,0x2b,0x06,0x08,0x26,0x09,0x06,0x08,0x26,
    0x09,0x18,0xa5,0x08,0x65,0x3a,0x85,0x08,0xa5,0x09,0x65,0x3b,0x85,0x09,0x06,0x08,
    0x26,0x09,0x18,0xa5,0x08,0x65,0x44,0x85,0x08,0x90,0x02,0xe6,0x09,0x20,0x6f,0xc7,
    0x4c,0x67,0xe0,0x60,0xa2,0x00,0x4c,0x86,0xc7,0xad,0x5d,0x03,0xae,0x5e,0x03,0x85,
    0x3a,0x86,0x3b,0xa0,0x01,0xb1,0x3a,0xf0,0x20,0xa0,0x03,0xa5,0x09,0xd1,0x3a,0x90,
    0x18,0xd0,0x09,0x88,0xa5,0x08,0xd1,0x3a,0x90,0x0f,0xf0,0x0f,0xa0,0x00,0xb1,0x3a,
    0x48,0xa0,0x01,0xb1,0x3a,0xaa,0x68,0xb0,0xd6,0x18,0x60,0x38,0x60,0x20,0x61,0xe0,
    0x20,0x87,0xe1,0x20,0xa9,0xe0,0x90,0x0e,0x38,0xa5,0x3a,0xe9,0x01,0x85,0x04,0xa5,
    0x3b,0xe9,0x00,0x85,0x05,0x60,0xa2,0x03,0x4c,0x86,0xc7,0xba,0xe0,0x44,0x90,0x1a,
    0xa5,0x05,0x48,0xa5,0x04,0x48,0xad,0x6a,0x03,0x48,0xad,0x69,0x03,0x48,0xa9,0x8c,
    0x48,0x20,0x75,0xc7,0x20,0xdd,0xe0,0x4c,0x8a,0xdf,0xa9,0x02,0x4c,0xfc,0xc6,0x20,
    0x49,0xe1,0x9a,0xc9,0x8c,0xf0,0x05,0xa2,0x0c,0x4c,0x86,0xc7,0x68,0x68,0x8d,0x69,
    0x03,0x68,0x8d,0x6a,0x03,0x68,0x85,0x04,0x68,0x85,0x05,0x20,0x84,0xe1,0x98,0x18,
    0x65,0x04,0x85,0x04,0x90,0x02,0xe6,0x05,0x60,0xba,0xe8,0xe8,0xe8,0xe8,0xbd,0x01,
    0x01,0xc9,0x81,0xd0,0x25,0xa5,0x47,0xd0,0x0a,0xbd,0x02,0x01,0x85,0x46,0xbd,0x03,
    0x01,0x85,0x47,0xdd,0x03,0x01,0xd0,0x07,0xa5,0x46,0xdd,0x02,0x01,0xf0,0x13,0x8a,
    0x18,0x69,0x12,0xaa,0xd0,0xd8,0xa9,0x00,0x18,0x60,0xc9,0x8c,0xf0,0x04,0xa9,0x00,
    0x18,0x60,0x38,0x60,0xa2,0x3a,0x2c,0xa2,0x00,0x86,0x44,0xa0,0x00,0x84,0x6a,0xa5,
    0x6a,0xa6,0x44,0x85,0x44,0x86,0x6a,0xb1,0x04,0xf0,0x0b,0xc5,0x6a,0xf0,0x07,0xc8,
    0xc9,0x22,0xf0,0xeb,0xd0,0xf1,0x60,0x20,0x87,0xe1,0x80,0x03,0x20,0x84,0xe1,0x98,
    0x18,0x65,0x04,0x85,0x04,0x90,0x02,0xe6,0x05,0x60,0x20,0x7c,0xd7,0x20,0x75,0xc7,
    0xc9,0x88,0xf0,0x05,0xa9,0x9f,0x20,0x45,0xd1,0xa5,0x0e,0xd0,0x1e,0xa0,0x00,0xb1,
    0x04,0xf0,0x07,0xc9,0xa4,0xf0,0x09,0xc8,0xd0,0xf5,0x20,0x87,0xe1,0x4c,0xaf,0xe1,
    0xc8,0x98,0x18,0x65,0x04,0x85,0x04,0x90,0x02,0xe6,0x05,0x20,0x75,0xc7,0x90,0x03,
    0x4c,0xf0,0xdf,0x4c,0xdd,0xe0,0x20,0x1d,0xe2,0x48,0xc9,0x8c,0xf0,0x04,0xc9,0x88,
    0xd0,0x14,0xc6,0x12,0xd0,0x04,0x68,0x4c,0xf0,0xdf,0x20,0x6f,0xc7,0x20,0x61,0xe0,
    0xc9,0x2c,0xf0,0xee,0x68,0x60,0x68,0x4c,0x30,0xd1,0x20,0x6f,0xc7,0x20,0x74,0xd1,
    0x20,0x85,0xd1,0xa6,0x11,0xd0,0x05,0xa6,0x12,0x4c,0x75,0xc7,0x4c,0x8a,0xc7,0x20,
    0x75,0xc7,0xd0,0x21,0x20,0x13,0xd7,0x38,0xad,0x5d,0x03,0xe9,0x01,0x85,0x04,0xad,
    0x5e,0x03,0xe9,0x00,0x85,0x05,0xa9,0x00,0xa0,0x00,0x91,0x04,0x9c,0x69,0x03,0x9c,
    0x6a,0x03,0x4c,0x8a,0xdf,0x20,0x13,0xd7,0x20,0x75,0xc7,0x20,0xdd,0xe0,0x9c,0x69,
    0x03,0x9c,0x6a,0x03,0x4c,0x8a,0xdf,0x18,0x24,0x38,0x08,0x20,0x75,0xc7,0xd0,0x2d,
    0x28,0xa5,0x04,0x8d,0x6d,0x03,0xa5,0x05,0x8d,0x6e,0x03,0xad,0x69,0x03,0x8d,0x6b,
    0x03,0xad,0x6a,0x03,0x8d,0x6c,0x03,0xae,0x75,0x03,0x9a,0x90,0x0d,0x20,0x93,0xa0,
    0xa9,0x5b,0xa0,0xe0,0x20,0x90,0xa0,0x4c,0x1e,0xc7,0x4c,0x39,0xc7,0x28,0x4c,0x30,
    0xd1,0x20,0x75,0xc7,0xd0,0x21,0xad,0x6e,0x03,0xd0,0x05,0xa2,0x10,0x4c,0x86,0xc7,
    0xad,0x6d,0x03,0x85,0x04,0xad,0x6e,0x03,0x85,0x05,0xad,0x6b,0x03,0x8d,0x69,0x03,
    0xad,0x6c,0x03,0x8d,0x6a,0x03,0x60,0x4c,0x30,0xd1,0x38,0xad,0x5d,0x03,0xe9,0x01,
    0x8d,0x1a,0x03,0xad,0x5e,0x03,0xe9,0x00,0x8d,0x1b,0x03,0x60,0xad,0x6a,0x03,0xc9,
    0xff,0xd0,0x05,0xa2,0x07,0x4c,0x86,0xc7,0x20,0x75,0xc7,0xc9,0x22,0xd0,0x27,0x20,
    0x7c,0xd7,0x20,0x58,0xd1,0x20,0x8e,0xc6,0x20,0x9e,0xd5,0x20,0x75,0xc7,0xc9,0x3b,
    0xf0,0x09,0xc9,0x2c,0xd0,0x0d,0x20,0x6f,0xc7,0x80,0x0e,0x20,0x6f,0xc7,0x20,0xd6,
    0xe3,0x80,0x06,0x4c,0x30,0xd1,0x20,0xd6,0xe3,0xa5,0x04,0x8d,0x71,0x03,0xa5,0x05,
    0x8d,0x72,0x03,0x20,0x12,0xc1,0xa9,0x2c,0x8d,0xff,0x03,0xa9,0xff,0x85,0x3a,0xa9,
    0x03,0x85,0x3b,0xad,0x71,0x03,0x85,0x04,0xad,0x72,0x03,0x85,0x05,0x64,0x69,0x20,
    0x1c,0xd2,0x85,0x46,0x84,0x47,0xa5,0x05,0x48,0xa5,0x04,0x48,0xa5,0x3a,0x85,0x04,
    0xa5,0x3b,0x85,0x05,0x20,0x75,0xc7,0xd0,0x05,0x68,0x68,0x4c,0xcc,0xe3,0x20,0x6f,
    0xc7,0x24,0x64,0x30,0x2e,0x20,0x75,0xc7,0x90,0x11,0xc9,0x2d,0xf0,0x0d,0xc9,0x2b,
    0xf0,0x09,0xc9,0x2e,0xf0,0x05,0x68,0x68,0x4c,0xcc,0xe3,0x20,0x3f,0xcc,0xa6,0x46,
    0xa4,0x47,0x20,0x20,0xcb,0x20,0x75,0xc7,0xf0,0x0e,0xc9,0x2c,0xf0,0x0a,0x68,0x68,
    0x4c,0xcc,0xe3,0xa2,0x00,0x20,0x04,0xe4,0xa5,0x04,0x85,0x3a,0xa5,0x05,0x85,0x3b,
    0x68,0x85,0x04,0x68,0x85,0x05,0x20,0x75,0xc7,0xc9,0x2c,0xd0,0x06,0x20,0x6f,0xc7,
    0x4c,0x3f,0xe3,0xa0,0x00,0xb1,0x3a,0xf0,0x12,0xb1,0x3a,0xf0,0x0e,0xc9,0x20,0xd0,
    0x03,0xc8,0xd0,0xf5,0xa9,0xf3,0xa0,0xe3,0x20,0x90,0xa0,0x60,0xa9,0xe0,0xa0,0xe3,
    0x20,0x90,0xa0,0x4c,0x23,0xe3,0xa9,0x3f,0x20,0x64,0xc6,0xa9,0x20,0x4c,0x64,0xc6,
    0x3f,0x52,0x45,0x44,0x4f,0x20,0x46,0x52,0x4f,0x4d,0x20,0x53,0x54,0x41,0x52,0x54,
    0x0d,0x0a,0x00,0x3f,0x45,0x58,0x54,0x52,0x41,0x20,0x49,0x47,0x4e,0x4f,0x52,0x45,
    0x44,0x0d,0x0a,0x00,0xa0,0x00,0xb1,0x04,0xc9,0x22,0xf0,0x0c,0x86,0x44,0xa9,0x2c,
    0x85,0x6a,0xa5,0x04,0xa4,0x05,0x80,0x0e,0x85,0x44,0x85,0x6a,0x18,0xa5,0x04,0x69,
    0x01,0xa4,0x05,0x90,0x01,0xc8,0x20,0xe6,0xd4,0xa5,0x1e,0x85,0x04,0xa5,0x1f,0x85,
    0x05,0xa0,0x00,0xa5,0x0e,0x91,0x46,0xc8,0xa5,0x0f,0x91,0x46,0xc8,0xa5,0x10,0x91,
    0x46,0xa5,0x11,0xa4,0x12,0x4c,0xd8,0xd5,0xae,0x1a,0x03,0xac,0x1b,0x03,0xa9,0x98,
    0x2c,0xa9,0x00,0x85,0x69,0x86,0x3a,0x84,0x3b,0x20,0x1c,0xd2,0x85,0x46,0x84,0x47,
    0xa5,0x05,0x48,0xa5,0x04,0x48,0xa5,0x3a,0x85,0x04,0xa5,0x3b,0x85,0x05,0x20,0x75,
    0xc7,0xd0,0x08,0x20,0xbd,0xe4,0x90,0x03,0x4c,0xb8,0xe4,0x20,0x6f,0xc7,0x24,0x64,
    0x30,0x0c,0x20,0x3f,0xcc,0xa6,0x46,0xa4,0x47,0x20,0x20,0xcb,0x80,0x05,0xa2,0x3a,
    0x20,0x04,0xe4,0xa5,0x04,0x85,0x3a,0xa5,0x05,0x85,0x3b,0x68,0x85,0x04,0x68,0x85,
    0x05,0x20,0x75,0xc7,0xc9,0x2c,0xd0,0x05,0x20,0x6f,0xc7,0x80,0xac,0xa5,0x3a,0x8d,
    0x1a,0x03,0xa5,0x3b,0x8d,0x1b,0x03,0x60,0xa2,0x0e,0x4c,0x86,0xc7,0xa0,0x00,0xb1,
    0x04,0xf0,0x1f,0xc9,0x83,0xf0,0x2e,0xc9,0x22,0xd0,0x12,0x20,0xf9,0xe4,0xa0,0x00,
    0xb1,0x04,0xf0,0x0e,0x20,0xf9,0xe4,0xc9,0x22,0xd0,0xf3,0x80,0xe0,0x20,0xf9,0xe4,
    0x80,0xdb,0xa0,0x02,0xb1,0x04,0xf0,0x0f,0x18,0xa5,0x04,0x69,0x05,0x85,0x04,0x90,
    0xcc,0xe6,0x05,0x80,0xc8,0x18,0x60,0x38,0x60,0xe6,0x04,0xd0,0x02,0xe6,0x05,0x60,
    0xa9,0x80,0x85,0x68,0x20,0x34,0xdf,0xa5,0x3f,0x85,0x46,0xa5,0x40,0x85,0x47,0x20,
    0x49,0xe1,0x90,0x00,0x68,0x68,0xa9,0x9c,0x20,0x45,0xd1,0x20,0x74,0xd1,0xa5,0x13,
    0x09,0x7f,0x25,0x0f,0x85,0x0f,0xa2,0x04,0xb5,0x0e,0x95,0x4d,0xca,0x10,0xf9,0x20,
    0x75,0xc7,0xc9,0xa1,0xd0,0x08,0x20,0x6f,0xc7,0x20,0x74,0xd1,0x80,0x07,0xa9,0x88,
    0xa0,0xe5,0x20,0xee,0xca,0x20,0x77,0xcb,0x85,0x52,0xa5,0x13,0x09,0x7f,0x25,0x0f,
    0x85,0x0f,0xa2,0x04,0xb5,0x0e,0x95,0x53,0xca,0x10,0xf9,0xa5,0x05,0x48,0xa5,0x04,
    0x48,0xad,0x6a,0x03,0x48,0xad,0x69,0x03,0x48,0xa2,0x04,0xb5,0x4d,0x48,0xca,0x10,
    0xfa,0xa5,0x52,0x48,0xa2,0x05,0xb5,0x52,0x48,0xca,0xd0,0xfa,0xa5,0x47,0x48,0xa5,
    0x46,0x48,0xa9,0x81,0x48,0x4c,0x8a,0xdf,0x81,0x00,0x00,0x00,0x00,0x20,0x75,0xc7,
    0xf0,0x0d,0xc9,0x3a,0xf0,0x09,0x20,0x1c,0xd2,0x85,0x46,0x84,0x47,0x80,0x06,0xa9,
    0x00,0x85,0x46,0x85,0x47,0x20,0x49,0xe1,0xb0,0x05,0xa2,0x0d,0x4c,0x86,0xc7,0x9a,
    0xa9,0x01,0x85,0x3b,0x8a,0x18,0x69,0x04,0x85,0x3a,0xa5,0x3a,0xa4,0x3b,0x20,0xee,
    0xca,0xbd,0x09,0x01,0x85,0x13,0xbd,0x02,0x01,0xbc,0x03,0x01,0x85,0x46,0x84,0x47,
    0x20,0xb3,0xc7,0x20,0x1c,0xcb,0xba,0x8a,0x18,0x69,0x0a,0x85,0x3a,0xa9,0x01,0x85,
    0x3b,0xa5,0x3a,0xa4,0x3b,0x20,0xa7,0xcb,0xba,0x38,0xfd,0x09,0x01,0xf0,0x19,0xbd,
    0x0f,0x01,0x8d,0x69,0x03,0xbd,0x10,0x01,0x8d,0x6a,0x03,0xbd,0x11,0x01,0x85,0x04,
    0xbd,0x12,0x01,0x85,0x05,0x4c,0x8a,0xdf,0x8a,0x18,0x69,0x12,0xaa,0x9a,0x20,0x75,
    0xc7,0xc9,0x2c,0xd0,0x06,0x20,0x6f,0xc7,0x4c,0x8d,0xe5,0x4c,0x8a,0xdf,0xa9,0x9d,
    0x20,0x45,0xd1,0x09,0x80,0x85,0x68,0x20,0x1c,0xd2,0x85,0x81,0x84,0x82,0x20,0x56,
    0xd1,0xa9,0x28,0x20,0x45,0xd1,0xa9,0x80,0x85,0x68,0x20,0x1c,0xd2,0xa5,0x3f,0x85,
    0x3a,0xa5,0x40,0x85,0x3b,0x20,0x56,0xd1,0xa9,0x29,0x20,0x45,0xd1,0xa9,0x3d,0x20,
    0x45,0xd1,0xad,0x6a,0x03,0xc9,0xff,0xd0,0x05,0xa2,0x07,0x4c,0x86,0xc7,0xa0,0x00,
    0xa5,0x04,0x91,0x81,0xc8,0xa5,0x05,0x91,0x81,0xc8,0xa5,0x3a,0x91,0x81,0xc8,0xa5,
    0x3b,0x91,0x81,0xc8,0xa9,0x00,0x91,0x81,0x20,0x84,0xe1,0x4c,0xaf,0xe1,0x20,0x6f,
    0xc7,0x09,0x80,0x85,0x68,0x20,0x1c,0xd2,0x8d,0x73,0x03,0x8c,0x74,0x03,0x85,0x81,
    0x84,0x82,0x20,0x56,0xd1,0xa0,0x02,0xb1,0x81,0x85,0x3f,0xf0,0x57,0xc8,0xb1,0x81,
    0x85,0x40,0xa9,0x28,0x20,0x45,0xd1,0xa0,0x04,0xb1,0x3f,0x48,0x88,0x10,0xfa,0x20,
    0x74,0xd1,0xa9,0x29,0x20,0x45,0xd1,0x20,0xf9,0xe6,0xa6,0x3f,0xa4,0x40,0x20,0x20,
    0xcb,0xa5,0x05,0x48,0xa5,0x04,0x48,0xa0,0x00,0xb1,0x81,0x85,0x04,0xc8,0xb1,0x81,
    0x85,0x05,0xa5,0x04,0xd0,0x02,0xc6,0x05,0xc6,0x04,0x20,0x6f,0xc7,0x20,0x74,0xd1,
    0x68,0x85,0x04,0x68,0x85,0x05,0x20,0xf9,0xe6,0xa0,0x00,0x68,0x91,0x3f,0xc8,0xc0,
    0x05,0xd0,0xf8,0x60,0xa2,0x03,0x4c,0x86,0xc7,0xad,0x73,0x03,0x85,0x81,0xad,0x74,
    0x03,0x85,0x82,0xa0,0x02,0xb1,0x81,0x85,0x3f,0xc8,0xb1,0x81,0x85,0x40,0x60,0xa2,
    0x40,0x20,0x21,0xd2,0x20,0x75,0xc7,0xc9,0x2c,0xd0,0x05,0x20,0x6f,0xc7,0x80,0xef,
    0x60,0xa2,0x0f,0x4c,0x86,0xc7,0x2d,0x0d,0x03,0xf0,0xf6,0x60,0x20,0x1d,0xe2,0x8a,
    0x60,0x20,0x74,0xd1,0x20,0x8c,0xd1,0x4c,0x75,0xc7,0x20,0x74,0xd1,0x20,0x43,0xe7,
    0x4c,0x75,0xc7,0x24,0x13,0x30,0x34,0xa5,0x0e,0xf0,0x2b,0xc9,0x91,0xb0,0x2c,0x48,
    0xa5,0x0f,0x09,0x80,0x85,0x3b,0xa5,0x10,0x85,0x3a,0x68,0x38,0xe9,0x90,0x49,0xff,
    0x18,0x69,0x01,0xf0,0x08,0xaa,0x46,0x3b,0x66,0x3a,0xca,0xd0,0xf9,0xa5,0x3b,0x85,
    0x11,0xa5,0x3a,0x85,0x12,0x60,0x64,0x11,0x64,0x12,0x60,0x4c,0x8a,0xc7,0x20,0x7c,
    0xd7,0x20,0x58,0xd1,0xa5,0x0f,0x85,0x20,0xa5,0x10,0x85,0x21,0xa0,0x00,0xa6,0x0e,
    0xc0,0x0c,0xf0,0x0d,0xe0,0x00,0xf0,0x09,0xb1,0x20,0x99,0x81,0x03,0xc8,0xca,0x80,
    0xef,0xa9,0x00,0x99,0x81,0x03,0xa9,0x81,0x85,0x02,0xa9,0x03,0x85,0x03,0x4c,0x9e,
    0xd5,0xa2,0x00,0xc9,0x0a,0x90,0x05,0xe9,0x0a,0xe8,0x80,0xf7,0x48,0x8a,0x09,0x30,
    0x20,0x00,0xa0,0x68,0x09,0x30,0x4c,0x00,0xa0,0x85,0x3c,0x98,0x18,0x69,0x08,0x85,
    0x3d,0x64,0x20,0xa9,0x08,0x85,0x21,0xa0,0x01,0xb1,0x20,0x85,0x3a,0x88,0x11,0x20,
    0xf0,0x15,0x38,0xa5,0x20,0xf1,0x20,0xa5,0x21,0xe5,0x3a,0xb0,0x0a,0xb1,0x20,0x85,
    0x20,0xa5,0x3a,0x85,0x21,0x80,0xe0,0x18,0xa5,0x20,0x69,0x02,0x8d,0x5f,0x03,0xa5,
    0x21,0x69,0x00,0x8d,0x60,0x03,0x38,0xa5,0x3c,0xed,0x5f,0x03,0xa5,0x3d,0xed,0x60,
    0x03,0x90,0x17,0x38,0xad,0x67,0x03,0xe5,0x3c,0xad,0x68,0x03,0xe5,0x3d,0x90,0x0a,
    0xa5,0x3c,0x8d,0x5f,0x03,0xa5,0x3d,0x8d,0x60,0x03,0xa2,0x01,0xbd,0x5f,0x03,0x9d,
    0x61,0x03,0x9d,0x63,0x03,0xca,0x10,0xf4,0x60,0x20,0x3a,0xe7,0xa5,0x12,0x85,0x20,
    0xa5,0x11,0x85,0x21,0x6c,0x20,0x00,0x20,0x42,0xd1,0x4c,0x1d,0xe2,0x48,0x20,0x42,
    0xd1,0x68,0x48,0x20,0x1d,0xe2,0x68,0x85,0x3e,0xe4,0x3e,0xb0,0x01,0x60,0x4c,0x8a,
    0xc7,0x4c,0x18,0xa0,0xa9,0x18,0x20,0x52,0xe8,0xda,0xa9,0x28,0x20,0x4d,0xe8,0x7a,
    0x4c,0x1e,0xa0,0xa9,0x10,0x20,0x52,0xe8,0x8a,0x0a,0x0a,0x0a,0x0a,0x48,0xa9,0x10,
    0x20,0x4d,0xe8,0x86,0x3a,0x68,0x05,0x3a,0x4c,0x27,0xa0,0xa9,0x10,0x20,0x52,0xe8,
    0x8a,0x4c,0x39,0xa0,0xa9,0x04,0x20,0x52,0xe8,0xca,0x30,0xc2,0xda,0x20,0x42,0xd1,
    0x20,0x31,0xe7,0xa5,0x12,0x85,0x3a,0xa5,0x11,0x85,0x3b,0xa5,0x3a,0x85,0x3c,0xa5,
    0x3b,0x85,0x3d,0xa2,0x04,0x06,0x3a,0x26,0x3b,0xca,0xd0,0xf9,0x18,0xa5,0x3a,0x65,
    0x3c,0x85,0x3a,0xa5,0x3b,0x65,0x3d,0x85,0x3b,0x46,0x3d,0x66,0x3c,0x46,0x3d,0x66,
    0x3c,0x38,0xa5,0x3a,0xe5,0x3c,0x48,0xa5,0x3b,0xe5,0x3d,0x48,0x20,0x42,0xd1,0x20,
    0x31,0xe7,0x7a,0xfa,0x68,0x20,0x33,0xa0,0xa5,0x12,0xa6,0x11,0x20,0x75,0xa0,0x4c,
    0x36,0xa0,0xa9,0x04,0x20,0x26,0xe7,0x20,0x5a,0xa0,0x5a,0xda,0x20,0xb1,0xe7,0xa9,
    0x3a,0x20,0x00,0xa0,0x68,0x20,0xb1,0xe7,0xa9,0x3a,0x20,0x00,0xa0,0x68,0x20,0xb1,
    0xe7,0x4c,0x93,0xa0,0xa9,0x04,0x20,0x26,0xe7,0x20,0x5d,0xa0,0x48,0xda,0x5a,0xad,
    0x0b,0x03,0x20,0xb1,0xe7,0x68,0x20,0xb1,0xe7,0xa9,0x2d,0x20,0x00,0xa0,0x68,0x20,
    0xb1,0xe7,0xa9,0x2d,0x20,0x00,0xa0,0x68,0x20,0xb1,0xe7,0x4c,0x93,0xa0,0xa9,0x04,
    0x20,0x26,0xe7,0xa9,0x18,0x20,0x52,0xe8,0xda,0xa9,0x3c,0x20,0x4d,0xe8,0xda,0xa9,
    0x3c,0x20,0x4d,0xe8,0x8a,0xa8,0xfa,0x68,0x4c,0x60,0xa0,0xa9,0x04,0x20,0x26,0xe7,
    0xa9,0x64,0x20,0x52,0xe8,0x8e,0x0b,0x03,0xa9,0x64,0x20,0x4d,0xe8,0xda,0xa9,0x0d,
    0x20,0x4d,0xe8,0xe0,0x01,0x90,0x10,0xda,0xa9,0x20,0x20,0x4d,0xe8,0xe0,0x01,0x90,
    0x06,0x8a,0xfa,0x7a,0x4c,0x63,0xa0,0x4c,0x8a,0xc7,0xa9,0x04,0x20,0x26,0xe7,0x20,
    0x1d,0xe2,0xda,0x20,0x47,0xe8,0x8a,0xfa,0x4c,0x69,0xa0,0x20,0x3a,0xe7,0xa5,0x11,
    0x48,0xa5,0x12,0x48,0x20,0x47,0xe8,0x86,0x3c,0x68,0x85,0x3a,0x68,0x85,0x3b,0x20,
    0x23,0xe0,0xa0,0x00,0xb1,0x3a,0x25,0x3c,0xf0,0xf5,0x60,0x20,0x31,0xe7,0xa5,0x12,
    0xa6,0x11,0x4c,0x75,0xa0,0xa9,0x01,0x20,0x26,0xe7,0x20,0x1d,0xe2,0x8e,0xff,0x83,
    0x60,0x00,0x00,0x60,0x20,0x3a,0xe7,0xa5,0x11,0x48,0xa5,0x12,0x48,0x20,0x42,0xd1,
    0x20,0x1d,0xe2,0x68,0x85,0x20,0x68,0x85,0x21,0x8a,0xa0,0x00,0x91,0x20,0x60,0x20,
    0x75,0xc7,0xf0,0x02,0x80,0x19,0xa9,0x10,0x20,0x26,0xe7,0xa9,0x00,0x85,0x2a,0xa9,
    0x08,0x85,0x2b,0x20,0x54,0xa0,0xad,0x17,0x03,0xac,0x18,0x03,0x4c,0xc9,0xe7,0xa9,
    0x08,0x20,0x26,0xe7,0x20,0x7e,0xe7,0x20,0x3c,0xa0,0xb0,0x09,0xad,0x4a,0x03,0xac,
    0x4b,0x03,0x4c,0xc9,0xe7,0xa9,0xd4,0xa0,0xea,0x4c,0x90,0xa0,0x20,0x75,0xc7,0xf0,
    0x02,0x80,0x21,0xa9,0x10,0x20,0x26,0xe7,0xa9,0x00,0x85,0x2a,0xa9,0x08,0x85,0x2b,
    0x38,0xad,0x5f,0x03,0xe9,0x00,0x8d,0x17,0x03,0xad,0x60,0x03,0xe9,0x08,0x8d,0x18,
    0x03,0x4c,0x57,0xa0,0xa9,0x08,0x20,0x26,0xe7,0x20,0x7e,0xe7,0x38,0xad,0x5f,0x03,
    0xe9,0x00,0x8d,0x4a,0x03,0xad,0x60,0x03,0xe9,0x08,0x8d,0x4b,0x03,0x20,0x3f,0xa0,
    0xb0,0x01,0x60,0xa9,0xe2,0xa0,0xea,0x4c,0x90,0xa0,0xa9,0x08,0x20,0x26,0xe7,0x4c,
    0x72,0xab,0xa9,0x08,0x20,0x26,0xe7,0x20,0x7e,0xe7,0x20,0x42,0xa0,0xb0,0x01,0x60,
    0xa9,0xf0,0xa0,0xea,0x4c,0x90,0xa0,0x38,0xad,0x67,0x03,0xed,0x5f,0x03,0xa8,0xad,
    0x68,0x03,0xed,0x60,0x03,0x20,0xa1,0xd1,0x20,0x7a,0xc6,0xa9,0xc3,0xa0,0xea,0x20,
    0x90,0xa0,0xa9,0x24,0x20,0x00,0xa0,0xad,0x0d,0x03,0x20,0xb1,0xc6,0x20,0x93,0xa0,
    0x4c,0x8d,0xa0,0x20,0x42,0x59,0x54,0x45,0x53,0x20,0x46,0x52,0x45,0x45,0x20,0x20,
    0x48,0x57,0x3d,0x00,0x3f,0x4c,0x4f,0x41,0x44,0x20,0x45,0x52,0x52,0x4f,0x52,0x0d,
    0x0a,0x00,0x3f,0x53,0x41,0x56,0x45,0x20,0x45,0x52,0x52,0x4f,0x52,0x0d,0x0a,0x00,
    0x3f,0x44,0x45,0x4c,0x20,0x45,0x52,0x52,0x4f,0x52,0x0d,0x0a,0x00,0x4c,0x4b,0xc5,
    0x66,0xe2,0xff,0xe4,0x8c,0xe5,0xab,0xe1,0xdb,0xe2,0x0e,0xe7,0x47,0xe4,0x33,0xdf,
    0xdc,0xe0,0x2e,0xe2,0xb9,0xe1,0xc9,0xe2,0xfa,0xe0,0x1e,0xe1,0xa6,0xe1,0x68,0xe2,
    0xf5,0xe1,0x9a,0xe9,0xee,0xe9,0x2b,0xea,0x1d,0xe6,0xd3,0xe9,0xfc,0xea,0xa0,0xe2,
    0xf2,0xc4,0x12,0xd7,0xc7,0xc4,0x2f,0xd1,0x2f,0xd1,0x2f,0xd1,0x2f,0xd1,0x2f,0xd1,
    0x2f,0xd1,0x2f,0xd1,0x2f,0xd1,0x2f,0xd1,0xa6,0xe1,0x38,0xe8,0x79,0xea,0x81,0xea,
    0x60,0xe8,0x63,0xe8,0x72,0xe8,0x93,0xe8,0x8a,0xe8,0xf1,0xe8,0x13,0xe9,0x3d,0xe9,
    0x5a,0xe9,0x89,0xe9,0xba,0xe9,0xc4,0xe9,0xd0,0xe9,0x96,0xea,0x45,0x4e,0xc4,0x46,
    0x4f,0xd2,0x4e,0x45,0x58,0xd4,0x44,0x41,0x54,0xc1,0x49,0x4e,0x50,0x55,0xd4,0x44,
    0x49,0xcd,0x52,0x45,0x41,0xc4,0x4c,0x45,0xd4,0x47,0x4f,0x54,0xcf,0x52,0x55,0xce,
    0x49,0xc6,0x52,0x45,0x53,0x54,0x4f,0x52,0xc5,0x47,0x4f,0x53,0x55,0xc2,0x52,0x45,
    0x54,0x55,0x52,0xce,0x52,0x45,0xcd,0x53,0x54,0x4f,0xd0,0x4f,0xce,0x57,0x41,0x49,
    0xd4,0x4c,0x4f,0x41,0xc4,0x53,0x41,0x56,0xc5,0x44,0x45,0xc6,0x50,0x4f,0x4b,0xc5,
    0x50,0x52,0x49,0x4e,0xd4,0x43,0x4f,0x4e,0xd4,0x4c,0x49,0x53,0xd4,0x43,0x4c,0xd2,
    0x4e,0x45,0xd7,0x54,0x41,0xc2,0x54,0xcf,0x46,0xce,0x53,0x50,0xc3,0x54,0x48,0x45,
    0xce,0x4e,0x4f,0xd4,0x53,0x54,0x45,0xd0,0x41,0x4e,0xc4,0x4f,0xd2,0x45,0x4c,0x53,
    0xc5,0x53,0x59,0xd3,0x44,0x49,0xd2,0x44,0x45,0xcc,0x43,0x4c,0xd3,0x4c,0x4f,0x43,
    0x41,0x54,0xc5,0x43,0x4f,0x4c,0x4f,0xd2,0x53,0x4f,0x55,0x4e,0xc4,0x56,0x4f,0xcc,
    0x54,0x49,0x4d,0xc5,0x44,0x41,0x54,0xc5,0x53,0x45,0x54,0x54,0x49,0x4d,0xc5,0x53,
    0x45,0x54,0x44,0x41,0x54,0xc5,0x4e,0x56,0x52,0x41,0xcd,0x50,0x41,0x55,0x53,0xc5,
    0x42,0x41,0x4e,0xcb,0x42,0x52,0xcb,0x4d,0x45,0xcd,0x53,0x47,0xce,0x49,0x4e,0xd4,
    0x41,0x42,0xd3,0x46,0x52,0xc5,0x50,0x4f,0xd3,0x53,0x51,0xd2,0x52,0x4e,0xc4,0x4c,
    0x4f,0xc7,0x45,0x58,0xd0,0x43,0x4f,0xd3,0x53,0x49,0xce,0x54,0x41,0xce,0x41,0x54,
    0xce,0x50,0x45,0x45,0xcb,0x4c,0x45,0xce,0x53,0x54,0x52,0xa4,0x56,0x41,0xcc,0x41,
    0x53,0xc3,0x43,0x48,0x52,0xa4,0x4c,0x45,0x46,0x54,0xa4,0x52,0x49,0x47,0x48,0x54,
    0xa4,0x4d,0x49,0x44,0xa4,0x4a,0x4f,0xd9,0x49,0x4e,0x4b,0x45,0xd9,0x48,0x45,0xd8,
    0x4d,0x49,0xce,0x4d,0x41,0xd8,0x44,0x49,0x53,0xcb,0x42,0x4c,0x4f,0x41,0xc4,0x42,
    0x53,0x41,0x56,0xc5,0x46,0x4f,0x52,0x4d,0x41,0xd4,0x00,0x53,0x59,0x4e,0x54,0x41,
    0x58,0x00,0x4f,0x56,0x45,0x52,0x46,0x4c,0x4f,0x57,0x00,0x4f,0x55,0x54,0x20,0x4f,
    0x46,0x20,0x4d,0x45,0x4d,0x4f,0x52,0x59,0x00,0x55,0x4e,0x44,0x45,0x46,0x27,0x44,
    0x20,0x53,0x54,0x41,0x54,0x45,0x4d,0x45,0x4e,0x54,0x00,0x42,0x41,0x44,0x20,0x53,
    0x55,0x42,0x53,0x43,0x52,0x49,0x50,0x54,0x00,0x52,0x45,0x44,0x49,0x4d,0x27,0x44,
    0x20,0x41,0x52,0x52,0x41,0x59,0x00,0x44,0x49,0x56,0x49,0x53,0x49,0x4f,0x4e,0x20,
    0x42,0x59,0x20,0x5a,0x45,0x52,0x4f,0x00,0x49,0x4c,0x4c,0x45,0x47,0x41,0x4c,0x20,
    0x44,0x49,0x52,0x45,0x43,0x54,0x00,0x54,0x59,0x50,0x45,0x20,0x4d,0x49,0x53,0x4d,
    0x41,0x54,0x43,0x48,0x00,0x53,0x54,0x52,0x49,0x4e,0x47,0x20,0x54,0x4f,0x4f,0x20,
    0x4c,0x4f,0x4e,0x47,0x00,0x46,0x4f,0x52,0x4d,0x55,0x4c,0x41,0x20,0x54,0x4f,0x4f,
    0x20,0x43,0x4f,0x4d,0x50,0x4c,0x45,0x58,0x00,0x49,0x4c,0x4c,0x45,0x47,0x41,0x4c,
    0x20,0x51,0x55,0x41,0x4e,0x54,0x49,0x54,0x59,0x00,0x52,0x45,0x54,0x55,0x52,0x4e,
    0x20,0x57,0x49,0x54,0x48,0x4f,0x55,0x54,0x20,0x47,0x4f,0x53,0x55,0x42,0x00,0x4e,
    0x45,0x58,0x54,0x20,0x57,0x49,0x54,0x48,0x4f,0x55,0x54,0x20,0x46,0x4f,0x52,0x00,
    0x4f,0x55,0x54,0x20,0x4f,0x46,0x20,0x44,0x41,0x54,0x41,0x00,0x4e,0x4f,0x20,0x44,
    0x45,0x56,0x49,0x43,0x45,0x00,0x43,0x41,0x4e,0x27,0x54,0x20,0x43,0x4f,0x4e,0x54,
    0x49,0x4e,0x55,0x45,0x00,0x0d,0x0a,0x36,0x35,0x30,0x32,0x20,0x42,0x41,0x53,0x49,
    0x43,0x20,0x56,0x32,0x2e,0x30,0x0d,0x0a,0x00,0x20,0x42,0x59,0x54,0x45,0x53,0x20,
    0x46,0x52,0x45,0x45,0x0d,0x0a,0x00,0x4f,0x4b,0x0d,0x0a,0x00,0x20,0x45,0x52,0x52,
    0x4f,0x52,0x00,0x20,0x49,0x4e,0x20,0x00,0x00,0x00,0x00,0x00,0x00,0x00,0x00,0x00,
    0x00,0x00,0x00,0x00,0x00,0x00,0x00,0x00,0x00,0x00,0x00,0x00,0x00,0x00,0x00,0x00,
    0x00,0x00,0x00,0x00,0x00,0x00,0x00,0x00,0x00,0x00,0x00,0x00,0x00,0x00,0x00,0x00,
    0x4c,0x06,0xee,0x4c,0x13,0xee,0xa2,0xff,0x9a,0xd8,0x20,0x18,0xa0,0x20,0x7f,0xfb,
    0x4c,0x45,0xee,0xa2,0xff,0x9a,0xd8,0x20,0x18,0xa0,0x20,0x7f,0xfb,0xa2,0x00,0xbd,
    0xa1,0xfb,0xf0,0x06,0x20,0x00,0xa0,0xe8,0x80,0xf5,0x38,0xad,0x11,0x03,0xe9,0x02,
    0x85,0x2e,0xad,0x12,0x03,0xe9,0x00,0x85,0x2f,0x20,0x5e,0xfb,0x20,0x6d,0xfb,0x20,
    0xd2,0xf8,0x4c,0x45,0xee,0xa9,0x2e,0x20,0x00,0xa0,0xa9,0x20,0x20,0x00,0xa0,0x20,
    0x58,0xee,0x20,0x94,0xee,0x4c,0x45,0xee,0xa0,0x00,0x20,0x03,0xa0,0x90,0xfb,0xc9,
    0x0d,0xf0,0x21,0xc9,0x0a,0xf0,0x1d,0xc9,0x08,0xf0,0x12,0xc9,0x7f,0xf0,0x0e,0xc9,
    0x20,0x90,0xe7,0xc0,0xc8,0xb0,0xe3,0x99,0x00,0x04,0xc8,0x80,0xdd,0xc0,0x00,0xf0,
    0xd9,0x88,0x80,0xd6,0xa9,0x0d,0x20,0x00,0xa0,0xa9,0x0a,0x20,0x00,0xa0,0xa9,0x00,
    0x99,0x00,0x04,0x60,0x64,0x35,0x20,0xfd,0xf9,0xa4,0x35,0xb9,0x00,0x04,0xf0,0x2a,
    0xc9,0x61,0x90,0x06,0xc9,0x7b,0xb0,0x02,0x29,0xdf,0xe6,0x35,0xa2,0x00,0xbc,0xcb,
    0xee,0xf0,0x14,0xdd,0xcb,0xee,0xf0,0x05,0xe8,0xe8,0xe8,0x80,0xf1,0xe8,0xbd,0xcc,
    0xee,0x48,0xbd,0xcb,0xee,0x48,0x60,0x20,0x77,0xfb,0x60,0x58,0xfe,0xee,0x52,0x04,
    0xef,0x4d,0xa5,0xf5,0x44,0x50,0xf6,0x3e,0x08,0xef,0x46,0x29,0xef,0x54,0x87,0xef,
    0x48,0x3e,0xf0,0x43,0xae,0xf0,0x47,0x10,0xf1,0x4a,0x40,0xf1,0x3b,0x7c,0xf1,0x4c,
    0xc3,0xf2,0x53,0xf8,0xf3,0x40,0x4f,0xf2,0x4e,0x67,0xf2,0x23,0x58,0xf2,0x00,0x20,
    0x18,0xa0,0x4c,0x00,0xc0,0x20,0xd2,0xf8,0x60,0x20,0xfd,0xf9,0x20,0x76,0xf9,0x90,
    0x16,0xa0,0x00,0x5a,0x20,0xfd,0xf9,0x20,0xa9,0xf9,0x7a,0x90,0x05,0x91,0x2e,0xc8,
    0xd0,0xf1,0xc0,0x00,0xf0,0x01,0x60,0x4c,0x77,0xfb,0x20,0xfd,0xf9,0x20,0x76,0xf9,
    0x90,0x53,0xa5,0x2e,0x85,0x32,0xa5,0x2f,0x85,0x33,0x20,0xfd,0xf9,0x20,0x76,0xf9,
    0x90,0x43,0xa5,0x2e,0x85,0x30,0xa5,0x2f,0x85,0x31,0xa5,0x32,0x85,0x2e,0xa5,0x33,
    0x85,0x2f,0x20,0xfd,0xf9,0x20,0xa9,0xf9,0x90,0x2b,0xa6,0x2f,0xe4,0x31,0x90,0x0a,
    0xd0,0x22,0xa6,0x2e,0xe4,0x30,0x90,0x02,0xd0,0x1a,0xa0,0x00,0x91,0x2e,0xa6,0x2f,
    0xe4,0x31,0xd0,0x06,0xa6,0x2e,0xe4,0x30,0xf0,0x0a,0x48,0xe6,0x2e,0xd0,0x02,0xe6,
    0x2f,0x68,0x80,0xe8,0x60,0x4c,0x77,0xfb,0x20,0xfd,0xf9,0x20,0x76,0xf9,0xb0,0x03,
    0x4c,0x3c,0xf0,0xa5,0x2e,0x85,0x32,0xa5,0x2f,0x85,0x33,0x20,0xfd,0xf9,0x20,0x76,
    0xf9,0xb0,0x03,0x4c,0x3c,0xf0,0xa5,0x2e,0x85,0x30,0xa5,0x2f,0x85,0x31,0x20,0xfd,
    0xf9,0x20,0x76,0xf9,0xb0,0x03,0x4c,0x3c,0xf0,0xa5,0x2f,0xc5,0x33,0x90,0x5c,0xd0,
    0x08,0xa5,0x2e,0xc5,0x32,0x90,0x54,0xf0,0x72,0x38,0xa5,0x30,0xe5,0x32,0x85,0x34,
    0xa5,0x31,0xe5,0x33,0x85,0x35,0xa5,0x30,0x48,0xa5,0x31,0x48,0xa5,0x32,0x85,0x30,
    0xa5,0x33,0x85,0x31,0x68,0x85,0x33,0x68,0x85,0x32,0x18,0xa5,0x2e,0x65,0x34,0x85,
    0x2e,0xa5,0x2f,0x65,0x35,0x85,0x2f,0xa0,0x00,0xb1,0x32,0x91,0x2e,0xa5,0x33,0xc5,
    0x31,0xd0,0x06,0xa5,0x32,0xc5,0x30,0xf0,0x32,0xa5,0x32,0xd0,0x02,0xc6,0x33,0xc6,
    0x32,0xa5,0x2e,0xd0,0x02,0xc6,0x2f,0xc6,0x2e,0x80,0xdc,0xa0,0x00,0xb1,0x32,0x91,
    0x2e,0xa5,0x33,0xc5,0x31,0xd0,0x06,0xa5,0x32,0xc5,0x30,0xf0,0x0e,0xe6,0x32,0xd0,
    0x02,0xe6,0x33,0xe6,0x2e,0xd0,0xe6,0xe6,0x2f,0x80,0xe2,0x60,0x4c,0x77,0xfb,0x20,
    0xfd,0xf9,0x20,0x76,0xf9,0x90,0x65,0xa5,0x2e,0x85,0x32,0xa5,0x2f,0x85,0x33,0x20,
    0xfd,0xf9,0x20,0x76,0xf9,0x90,0x55,0xa5,0x2e,0x85,0x30,0xa5,0x2f,0x85,0x31,0xa5,
    0x32,0x85,0x2e,0xa5,0x33,0x85,0x2f,0xa2,0x00,0xda,0x20,0xfd,0xf9,0x20,0xa9,0xf9,
    0xfa,0x90,0x0a,0xe0,0x40,0xb0,0x06,0x9d,0x80,0x04,0xe8,0x80,0xec,0xe0,0x00,0xf0,
    0x2b,0x86,0x34,0xa0,0x00,0xb1,0x2e,0xd9,0x80,0x04,0xd0,0x0b,0xc8,0xc4,0x34,0x90,
    0xf4,0x20,0x5e,0xfb,0x20,0x6d,0xfb,0xa5,0x2f,0xc5,0x31,0xd0,0x06,0xa5,0x2e,0xc5,
    0x30,0xf0,0x08,0xe6,0x2e,0xd0,0xdc,0xe6,0x2f,0x80,0xd8,0x60,0x4c,0x77,0xfb,0x20,
    0xfd,0xf9,0x20,0x76,0xf9,0x90,0x57,0xa5,0x2f,0x48,0xa5,0x2e,0x48,0x20,0xfd,0xf9,
    0x20,0x76,0xf9,0x90,0x47,0xa5,0x2e,0x85,0x30,0xa5,0x2f,0x85,0x31,0x20,0xfd,0xf9,
    0x20,0x76,0xf9,0x90,0x37,0xa5,0x2e,0x85,0x32,0xa5,0x2f,0x85,0x33,0x68,0x85,0x2e,
    0x68,0x85,0x2f,0xa0,0x00,0xb1,0x2e,0xd1,0x32,0xf0,0x06,0x20,0x5e,0xfb,0x20,0x6d,
    0xfb,0xa5,0x2f,0xc5,0x31,0xd0,0x06,0xa5,0x2e,0xc5,0x30,0xf0,0x0e,0xe6,0x2e,0xd0,
    0x02,0xe6,0x2f,0xe6,0x32,0xd0,0xde,0xe6,0x33,0x80,0xda,0x60,0x68,0x68,0x4c,0x77,
    0xfb,0x20,0xfd,0xf9,0x20,0x76,0xf9,0x90,0x0a,0xa5,0x2e,0x8d,0x11,0x03,0xa5,0x2f,
    0x8d,0x12,0x03,0x78,0xae,0x16,0x03,0xe8,0xe8,0xe8,0x9a,0xad,0x12,0x03,0x48,0xad,
    0x11,0x03,0x48,0xad,0x10,0x03,0x48,0xac,0x15,0x03,0xae,0x14,0x03,0xad,0x13,0x03,
    0x40,0x20,0xfd,0xf9,0x20,0x76,0xf9,0x90,0x0a,0xa5,0x2e,0x8d,0x11,0x03,0xa5,0x2f,
    0x8d,0x12,0x03,0xa9,0xf1,0x48,0xa9,0x64,0x48,0xac,0x15,0x03,0xae,0x14,0x03,0xad,
    0x13,0x03,0x6c,0x11,0x03,0x8d,0x13,0x03,0x8e,0x14,0x03,0x8c,0x15,0x03,0x08,0x68,
    0x8d,0x10,0x03,0xba,0x8e,0x16,0x03,0x20,0xd2,0xf8,0x4c,0x45,0xee,0x20,0xfd,0xf9,
    0xa4,0x35,0xb9,0x00,0x04,0xd0,0x03,0x4c,0x4c,0xf2,0xc9,0x61,0x90,0x06,0xc9,0x7b,
    0xb0,0x02,0x29,0xdf,0xc9,0x50,0xf0,0x13,0xc9,0x41,0xf0,0x4f,0xc9,0x58,0xf0,0x5e,
    0xc9,0x59,0xf0,0x6d,0xc9,0x53,0xf0,0x7c,0x4c,0x49,0xf2,0xe6,0x35,0xa4,0x35,0xb9,
    0x00,0x04,0xc9,0x61,0x90,0x06,0xc9,0x7b,0xb0,0x02,0x29,0xdf,0xc9,0x43,0xf0,0x11,
    0x20,0xfd,0xf9,0x20,0xa9,0xf9,0xb0,0x03,0x4c,0x49,0xf2,0x8d,0x10,0x03,0x4c,0x7d,
    0xf1,0xe6,0x35,0x20,0xfd,0xf9,0x20,0x76,0xf9,0xb0,0x03,0x4c,0x49,0xf2,0xa5,0x2e,
    0x8d,0x11,0x03,0xa5,0x2f,0x8d,0x12,0x03,0x4c,0x7d,0xf1,0xe6,0x35,0x20,0xfd,0xf9,
    0x20,0xa9,0xf9,0xb0,0x03,0x4c,0x49,0xf2,0x8d,0x13,0x03,0x4c,0x7d,0xf1,0xe6,0x35,
    0x20,0xfd,0xf9,0x20,0xa9,0xf9,0xb0,0x03,0x4c,0x49,0xf2,0x8d,0x14,0x03,0x4c,0x7d,
    0xf1,0xe6,0x35,0x20,0xfd,0xf9,0x20,0xa9,0xf9,0xb0,0x03,0x4c,0x49,0xf2,0x8d,0x15,
    0x03,0x4c,0x7d,0xf1,0xe6,0x35,0xa4,0x35,0xb9,0x00,0x04,0xc9,0x50,0xf0,0x07,0xc9,
    0x70,0xf0,0x03,0x4c,0x49,0xf2,0xe6,0x35,0x20,0xfd,0xf9,0x20,0xa9,0xf9,0xb0,0x03,
    0x4c,0x49,0xf2,0x8d,0x16,0x03,0x4c,0x7d,0xf1,0x4c,0x77,0xfb,0x20,0xd2,0xf8,0x60,
    0x20,0x72,0xab,0xb0,0x01,0x60,0x4c,0x39,0xfb,0x20,0xfd,0xf9,0x20,0xa9,0xf9,0x90,
    0x03,0x20,0x87,0xa0,0x20,0x8d,0xa0,0x60,0x20,0xfd,0xf9,0xa4,0x35,0xb9,0x00,0x04,
    0xc9,0x24,0xf0,0x0a,0xc9,0x2b,0xf0,0x10,0xc9,0x25,0xf0,0x16,0x80,0x02,0xe6,0x35,
    0x20,0x76,0xf9,0xb0,0x17,0x4c,0x77,0xfb,0xe6,0x35,0x20,0x0b,0xfa,0xb0,0x0d,0x4c,
    0x77,0xfb,0xe6,0x35,0x20,0x5c,0xfa,0xb0,0x03,0x4c,0x77,0xfb,0xa9,0x24,0x20,0x00,
    0xa0,0x20,0x5e,0xfb,0x20,0x68,0xfb,0x20,0x68,0xfb,0xa9,0x2b,0x20,0x00,0xa0,0x20,
    0x88,0xfa,0x20,0x68,0xfb,0x20,0x68,0xfb,0xa9,0x25,0x20,0x00,0xa0,0x20,0xd7,0xfa,
    0x20,0x6d,0xfb,0x60,0x20,0xfd,0xf9,0xa4,0x35,0xb9,0x00,0x04,0xc9,0x22,0xd0,0x03,
    0x4c,0x0b,0xf3,0x20,0x76,0xf9,0x90,0x0a,0xa5,0x2e,0x85,0x2a,0xa5,0x2f,0x85,0x2b,
    0x80,0x08,0xa9,0x00,0x85,0x2a,0xa9,0x08,0x85,0x2b,0xa5,0x2a,0x85,0x30,0xa5,0x2b,
    0x85,0x31,0x20,0x54,0xa0,0xb0,0x11,0xad,0x17,0x03,0x85,0x2e,0xad,0x18,0x03,0x85,
    0x2f,0x20,0xdd,0xf3,0x20,0xee,0xfa,0x60,0x4c,0x39,0xfb,0xe6,0x35,0xa4,0x35,0x98,
    0x18,0x69,0x00,0x85,0x02,0xa9,0x04,0x69,0x00,0x85,0x03,0xb9,0x00,0x04,0xf0,0x0d,
    0xc9,0x22,0xf0,0x03,0xc8,0x80,0xf4,0xa9,0x00,0x99,0x00,0x04,0xc8,0x84,0x35,0x20,
    0x1a,0xaa,0x20,0x62,0xaa,0x90,0x03,0x4c,0xc9,0xf3,0x20,0x88,0xaa,0x90,0x03,0x4c,
    0xcc,0xf3,0xa0,0x0c,0xb1,0x24,0x8d,0x48,0x03,0xc8,0xb1,0x24,0x8d,0x49,0x03,0xa0,
    0x0e,0xb1,0x24,0x8d,0x4a,0x03,0xc8,0xb1,0x24,0x8d,0x4b,0x03,0xad,0x4b,0x03,0x4a,
    0x8d,0x4c,0x03,0xad,0x4b,0x03,0x29,0x01,0xd0,0x05,0xad,0x4a,0x03,0xf0,0x03,0xee,
    0x4c,0x03,0x20,0xfd,0xf9,0x20,0x76,0xf9,0x90,0x0a,0xa5,0x2e,0x85,0x24,0xa5,0x2f,
    0x85,0x25,0x80,0x08,0xa9,0x00,0x85,0x24,0xa9,0x08,0x85,0x25,0xa5,0x24,0x85,0x30,
    0xa5,0x25,0x85,0x31,0xad,0x48,0x03,0x85,0x26,0xad,0x49,0x03,0x85,0x27,0x64,0x28,
    0x64,0x29,0xae,0x4c,0x03,0xf0,0x10,0xda,0x20,0x6c,0xa0,0xb0,0x1b,0xe6,0x26,0xd0,
    0x02,0xe6,0x27,0xfa,0xca,0xd0,0xf0,0xad,0x4a,0x03,0x85,0x2e,0xad,0x4b,0x03,0x85,
    0x2f,0x20,0xdd,0xf3,0x20,0xee,0xfa,0x60,0xfa,0x4c,0x39,0xfb,0xa2,0x00,0xbd,0xaa,
    0xfb,0xf0,0x06,0x20,0x00,0xa0,0xe8,0x80,0xf5,0x20,0x6d,0xfb,0x60,0xa5,0x30,0xc9,
    0x00,0xd0,0x15,0xa5,0x31,0xc9,0x08,0xd0,0x0f,0x18,0xa5,0x2e,0x69,0x00,0x8d,0x8e,
    0x03,0xa5,0x2f,0x69,0x08,0x8d,0x8f,0x03,0x60,0x20,0xfd,0xf9,0xa4,0x35,0xb9,0x00,
    0x04,0xc9,0x22,0xd0,0x03,0x4c,0x50,0xf4,0x20,0x76,0xf9,0xb0,0x03,0x4c,0xa3,0xf5,
    0xa5,0x2e,0x85,0x2a,0xa5,0x2f,0x85,0x2b,0x20,0xfd,0xf9,0x20,0x76,0xf9,0xb0,0x03,
    0x4c,0xa3,0xf5,0x38,0xa5,0x2e,0xe5,0x2a,0x8d,0x17,0x03,0xa5,0x2f,0xe5,0x2b,0x8d,
    0x18,0x03,0xad,0x17,0x03,0x85,0x30,0xad,0x18,0x03,0x85,0x31,0x20,0x57,0xa0,0xb0,
    0x0c,0xa5,0x30,0x85,0x2e,0xa5,0x31,0x85,0x2f,0x20,0x19,0xfb,0x60,0x4c,0x39,0xfb,
    0xe6,0x35,0xa4,0x35,0x98,0x18,0x69,0x00,0x85,0x02,0xa9,0x04,0x69,0x00,0x85,0x03,
    0xb9,0x00,0x04,0xf0,0x0d,0xc9,0x22,0xf0,0x03,0xc8,0x80,0xf4,0xa9,0x00,0x99,0x00,
    0x04,0xc8,0x84,0x35,0x20,0x1a,0xaa,0x20,0xfd,0xf9,0x20,0x76,0xf9,0xb0,0x03,0x4c,
    0xa3,0xf5,0xa5,0x2e,0x85,0x32,0xa5,0x2f,0x85,0x33,0x20,0xfd,0xf9,0x20,0x76,0xf9,
    0xb0,0x03,0x4c,0xa3,0xf5,0x38,0xa5,0x2e,0xe5,0x32,0x8d,0x4a,0x03,0xa5,0x2f,0xe5,
    0x33,0x8d,0x4b,0x03,0x20,0x62,0xaa,0x90,0x03,0x4c,0x8f,0xf5,0x20,0x88,0xaa,0x90,
    0x08,0x20,0xbf,0xaa,0x90,0x11,0x4c,0x92,0xf5,0xa0,0x0b,0xa9,0x00,0x91,0x24,0x20,
    0xbf,0xaa,0x90,0x03,0x4c,0x92,0xf5,0xa5,0x24,0x48,0xa5,0x25,0x48,0xad,0x4a,0x03,
    0x48,0xad,0x4b,0x03,0x48,0x20,0xe8,0xaa,0x68,0x8d,0x4b,0x03,0x68,0x8d,0x4a,0x03,
    0x68,0x85,0x25,0x68,0x85,0x24,0xad,0x4b,0x03,0x4a,0x8d,0x4c,0x03,0xad,0x4b,0x03,
    0x29,0x01,0xd0,0x05,0xad,0x4a,0x03,0xf0,0x03,0xee,0x4c,0x03,0xad,0x4e,0x03,0x18,
    0x6d,0x4c,0x03,0xa8,0xad,0x4f,0x03,0x69,0x00,0xc9,0x08,0x90,0x08,0xd0,0x03,0x98,
    0xf0,0x03,0x4c,0x8f,0xf5,0xa0,0x00,0xb9,0x50,0x03,0x91,0x24,0xc8,0xc0,0x0b,0xd0,
    0xf6,0xa9,0x01,0x91,0x24,0xa0,0x0c,0xad,0x4e,0x03,0x91,0x24,0x8d,0x48,0x03,0xc8,
    0xad,0x4f,0x03,0x91,0x24,0x8d,0x49,0x03,0xa0,0x0e,0xad,0x4a,0x03,0x91,0x24,0xc8,
    0xad,0x4b,0x03,0x91,0x24,0xa0,0x10,0xa9,0x00,0x91,0x24,0xc8,0xc0,0x20,0xd0,0xf9,
    0x20,0x75,0xaa,0xb0,0x3a,0xad,0x48,0x03,0x85,0x26,0xad,0x49,0x03,0x85,0x27,0x64,
    0x28,0x64,0x29,0xa5,0x32,0x85,0x24,0xa5,0x33,0x85,0x25,0xae,0x4c,0x03,0xf0,0x10,
    0xda,0x20,0x6f,0xa0,0xb0,0x18,0xe6,0x26,0xd0,0x02,0xe6,0x27,0xfa,0xca,0xd0,0xf0,
    0xad,0x4a,0x03,0x85,0x2e,0xad,0x4b,0x03,0x85,0x2f,0x20,0x19,0xfb,0x60,0xfa,0x4c,
    0x39,0xfb,0xa2,0x00,0xbd,0xb9,0xfb,0xf0,0x06,0x20,0x00,0xa0,0xe8,0x80,0xf5,0x20,
    0x6d,0xfb,0x60,0x4c,0x77,0xfb,0xa5,0x2e,0x85,0x32,0xa5,0x2f,0x85,0x33,0x20,0xfd,
    0xf9,0x20,0x76,0xf9,0x90,0x22,0xa5,0x2e,0x85,0x32,0xa5,0x2f,0x85,0x33,0x20,0xfd,
    0xf9,0x20,0x76,0xf9,0x90,0x12,0xa5,0x2e,0x85,0x30,0xa5,0x2f,0x85,0x31,0xa5,0x32,
    0x85,0x2e,0xa5,0x33,0x85,0x2f,0x80,0x15,0xa5,0x32,0x85,0x2e,0xa5,0x33,0x85,0x2f,
    0x18,0xa5,0x2e,0x69,0x3f,0x85,0x30,0xa5,0x2f,0x69,0x00,0x85,0x31,0x20,0x01,0xf6,
    0xb0,0x0e,0xa5,0x31,0xc5,0x2f,0x90,0x08,0xd0,0xf3,0xa5,0x30,0xc5,0x2e,0xb0,0xed,
    0x60,0xa9,0x2e,0x20,0x00,0xa0,0xa9,0x3a,0x20,0x00,0xa0,0x20,0x5e,0xfb,0x20,0x68,
    0xfb,0xa0,0x00,0xb1,0x2e,0x5a,0x20,0x43,0xfb,0x20,0x68,0xfb,0x7a,0xc8,0xc0,0x08,
    0x90,0xf1,0xa0,0x00,0xb1,0x2e,0xc9,0x20,0x90,0x04,0xc9,0x7f,0x90,0x02,0xa9,0x2e,
    0x5a,0x20,0x00,0xa0,0x7a,0xc8,0xc0,0x08,0x90,0xea,0x18,0xa5,0x2e,0x69,0x08,0x85,
    0x2e,0x90,0x04,0xe6,0x2f,0xf0,0x05,0x20,0x6d,0xfb,0x18,0x60,0x20,0x6d,0xfb,0x38,
    0x60,0x20,0xfd,0xf9,0x20,0x76,0xf9,0x90,0x2a,0xa5,0x2e,0x85,0x32,0xa5,0x2f,0x85,
    0x33,0x20,0xfd,0xf9,0x20,0x76,0xf9,0x90,0x12,0xa5,0x2e,0x85,0x30,0xa5,0x2f,0x85,
    0x31,0xa5,0x32,0x85,0x2e,0xa5,0x33,0x85,0x2f,0x80,0x15,0xa5,0x32,0x85,0x2e,0xa5,
    0x33,0x85,0x2f,0xa2,0x14,0xda,0x20,0xa4,0xf6,0xfa,0xb0,0x17,0xca,0xd0,0xf6,0x60,
    0x20,0xa4,0xf6,0xb0,0x0e,0xa5,0x31,0xc5,0x2f,0x90,0x08,0xd0,0xf3,0xa5,0x30,0xc5,
    0x2e,0xb0,0xed,0x60,0xa0,0x00,0xb1,0x2e,0x85,0x34,0x0a,0xaa,0x90,0x0c,0xbd,0xf9,
    0xfd,0x85,0x32,0xbd,0xfa,0xfd,0x85,0x33,0x80,0x0a,0xbd,0xf9,0xfc,0x85,0x32,0xbd,
    0xfa,0xfc,0x85,0x33,0xa6,0x33,0xbd,0xc9,0xfc,0x1a,0x48,0xa9,0x2e,0x20,0x00,0xa0,
    0xa9,0x2c,0x20,0x00,0xa0,0x20,0x5e,0xfb,0x20,0x68,0xfb,0x20,0x68,0xfb,0xa5,0x34,
    0x20,0x43,0xfb,0x68,0x48,0xc9,0x02,0x90,0x0c,0x20,0x68,0xfb,0xa0,0x01,0xb1,0x2e,
    0x20,0x43,0xfb,0x80,0x09,0x20,0x68,0xfb,0x20,0x68,0xfb,0x20,0x68,0xfb,0x68,0x48,
    0xc9,0x03,0x90,0x0c,0x20,0x68,0xfb,0xa0,0x02,0xb1,0x2e,0x20,0x43,0xfb,0x80,0x09,
    0x20,0x68,0xfb,0x20,0x68,0xfb,0x20,0x68,0xfb,0x20,0x68,0xfb,0x20,0x68,0xfb,0x20,
    0x62,0xf7,0xa5,0x32,0xc9,0x03,0xf0,0x11,0xc9,0x04,0xf0,0x0d,0xc9,0x2e,0xf0,0x09,
    0xc9,0x37,0xf0,0x05,0x20,0x68,0xfb,0x80,0x11,0xa5,0x34,0x4a,0x4a,0x4a,0x4a,0x29,
    0x07,0x18,0x69,0x30,0x20,0x00,0xa0,0x20,0x68,0xfb,0xa5,0x33,0x20,0x7f,0xf7,0x20,
    0x6d,0xfb,0x68,0x18,0x65,0x2e,0x85,0x2e,0x90,0x04,0xe6,0x2f,0xf0,0x02,0x18,0x60,
    0x38,0x60,0xa5,0x32,0x0a,0x18,0x65,0x32,0xaa,0xbd,0xf4,0xfb,0xda,0x20,0x00,0xa0,
    0xfa,0xbd,0xf5,0xfb,0xda,0x20,0x00,0xa0,0xfa,0xbd,0xf6,0xfb,0x4c,0x00,0xa0,0x0a,
    0xaa,0x7c,0xd9,0xfc,0x60,0xa9,0x41,0x4c,0x00,0xa0,0xa9,0x23,0x20,0x00,0xa0,0xa9,
    0x24,0x20,0x00,0xa0,0xa0,0x01,0xb1,0x2e,0x4c,0x43,0xfb,0xa9,0x24,0x20,0x00,0xa0,
    0xa0,0x01,0xb1,0x2e,0x4c,0x43,0xfb,0x20,0x9b,0xf7,0xa9,0x2c,0x20,0x00,0xa0,0xa9,
    0x58,0x4c,0x00,0xa0,0x20,0x9b,0xf7,0xa9,0x2c,0x20,0x00,0xa0,0xa9,0x59,0x4c,0x00,
    0xa0,0xa9,0x24,0x20,0x00,0xa0,0xa0,0x02,0xb1,0x2e,0x20,0x43,0xfb,0xa0,0x01,0xb1,
    0x2e,0x4c,0x43,0xfb,0x20,0xc1,0xf7,0xa9,0x2c,0x20,0x00,0xa0,0xa9,0x58,0x4c,0x00,
    0xa0,0x20,0xc1,0xf7,0xa9,0x2c,0x20,0x00,0xa0,0xa9,0x59,0x4c,0x00,0xa0,0xa9,0x28,
    0x20,0x00,0xa0,0x20,0xc1,0xf7,0xa9,0x29,0x4c,0x00,0xa0,0xa9,0x28,0x20,0x00,0xa0,
    0x20,0x9b,0xf7,0xa9,0x2c,0x20,0x00,0xa0,0xa9,0x58,0x20,0x00,0xa0,0xa9,0x29,0x4c,
    0x00,0xa0,0xa9,0x28,0x20,0x00,0xa0,0x20,0x9b,0xf7,0xa9,0x29,0x20,0x00,0xa0,0xa9,
    0x2c,0x20,0x00,0xa0,0xa9,0x59,0x4c,0x00,0xa0,0xa9,0x28,0x20,0x00,0xa0,0x20,0x9b,
    0xf7,0xa9,0x29,0x4c,0x00,0xa0,0xa0,0x01,0xb1,0x2e,0x30,0x0d,0x18,0x65,0x2e,0x85,
    0x32,0xa5,0x2f,0x69,0x00,0x85,0x33,0x80,0x0b,0x18,0x65,0x2e,0x85,0x32,0xa5,0x2f,
    0x69,0xff,0x85,0x33,0x18,0xa5,0x32,0x69,0x02,0x85,0x32,0xa5,0x33,0x69,0x00,0x85,
    0x33,0xa9,0x24,0x20,0x00,0xa0,0xa5,0x33,0x20,0x43,0xfb,0xa5,0x32,0x4c,0x43,0xfb,
    0xa9,0x24,0x20,0x00,0xa0,0xa0,0x01,0xb1,0x2e,0x20,0x43,0xfb,0xa9,0x2c,0x20,0x00,
    0xa0,0xa0,0x02,0xb1,0x2e,0x30,0x0d,0x18,0x65,0x2e,0x85,0x32,0xa5,0x2f,0x69,0x00,
    0x85,0x33,0x80,0x0b,0x18,0x65,0x2e,0x85,0x32,0xa5,0x2f,0x69,0xff,0x85,0x33,0x18,
    0xa5,0x32,0x69,0x03,0x85,0x32,0xa5,0x33,0x69,0x00,0x85,0x33,0xa9,0x24,0x20,0x00,
    0xa0,0xa5,0x33,0x20,0x43,0xfb,0xa5,0x32,0x4c,0x43,0xfb,0xa9,0x28,0x20,0x00,0xa0,
    0x20,0xc1,0xf7,0xa9,0x2c,0x20,0x00,0xa0,0xa9,0x58,0x20,0x00,0xa0,0xa9,0x29,0x4c,
    0x00,0xa0,0xa9,0x50,0x20,0x00,0xa0,0xa9,0x43,0x20,0x00,0xa0,0xa9,0x3d,0x20,0x00,
    0xa0,0xad,0x11,0x03,0x85,0x2e,0xad,0x12,0x03,0x85,0x2f,0x20,0x5e,0xfb,0xa9,0x20,
    0x20,0x00,0xa0,0xa9,0x41,0x20,0x00,0xa0,0xa9,0x3d,0x20,0x00,0xa0,0xad,0x13,0x03,
    0x20,0x43,0xfb,0xa9,0x20,0x20,0x00,0xa0,0xa9,0x58,0x20,0x00,0xa0,0xa9,0x3d,0x20,
    0x00,0xa0,0xad,0x14,0x03,0x20,0x43,0xfb,0xa9,0x20,0x20,0x00,0xa0,0xa9,0x59,0x20,
    0x00,0xa0,0xa9,0x3d,0x20,0x00,0xa0,0xad,0x15,0x03,0x20,0x43,0xfb,0xa9,0x20,0x20,
    0x00,0xa0,0xa9,0x53,0x20,0x00,0xa0,0xa9,0x50,0x20,0x00,0xa0,0xa9,0x3d,0x20,0x00,
    0xa0,0xad,0x16,0x03,0x20,0x43,0xfb,0xa9,0x20,0x20,0x00,0xa0,0xad,0x10,0x03,0x85,
    0x34,0xa2,0x00,0xbd,0x6d,0xf9,0xf0,0x11,0x06,0x34,0xb0,0x04,0xa9,0x2d,0x80,0x03,
    0xbd,0x6d,0xf9,0x20,0x00,0xa0,0xe8,0x80,0xea,0x20,0x6d,0xfb,0x60,0x4e,0x56,0x2d,
    0x42,0x44,0x49,0x5a,0x43,0x00,0x64,0x2e,0x64,0x2f,0xa2,0x00,0xa4,0x35,0xb9,0x00,
    0x04,0x20,0xd4,0xf9,0xb0,0x1b,0x06,0x2e,0x26,0x2f,0x06,0x2e,0x26,0x2f,0x06,0x2e,
    0x26,0x2f,0x06,0x2e,0x26,0x2f,0x05,0x2e,0x85,0x2e,0xe6,0x35,0xe8,0xe0,0x04,0x90,
    0xdb,0xe0,0x00,0xf0,0x02,0x38,0x60,0x18,0x60,0x64,0x34,0xa2,0x00,0xa4,0x35,0xb9,
    0x00,0x04,0x20,0xd4,0xf9,0xb0,0x13,0x06,0x34,0x06,0x34,0x06,0x34,0x06,0x34,0x05,
    0x34,0x85,0x34,0xe6,0x35,0xe8,0xe0,0x02,0x90,0xe3,0xe0,0x00,0xf0,0x04,0xa5,0x34,
    0x38,0x60,0x18,0x60,0xc9,0x30,0x90,0x23,0xc9,0x3a,0x90,0x15,0xc9,0x41,0x90,0x04,
    0xc9,0x47,0x90,0x12,0xc9,0x61,0x90,0x13,0xc9,0x67,0xb0,0x0f,0x38,0xe9,0x57,0x18,
    0x60,0x38,0xe9,0x30,0x18,0x60,0x38,0xe9,0x37,0x18,0x60,0x38,0x60,0xa4,0x35,0xb9,
    0x00,0x04,0xc9,0x20,0xd0,0x04,0xe6,0x35,0x80,0xf3,0x60,0x64,0x2e,0x64,0x2f,0xa2,
    0x00,0xa4,0x35,0xb9,0x00,0x04,0xc9,0x30,0x90,0x3a,0xc9,0x3a,0xb0,0x36,0x38,0xe9,
    0x30,0x48,0x06,0x2e,0x26,0x2f,0xa5,0x2e,0x85,0x32,0xa5,0x2f,0x85,0x33,0x06,0x2e,
    0x26,0x2f,0x06,0x2e,0x26,0x2f,0x18,0xa5,0x2e,0x65,0x32,0x85,0x2e,0xa5,0x2f,0x65,
    0x33,0x85,0x2f,0x68,0x18,0x65,0x2e,0x85,0x2e,0x90,0x02,0xe6,0x2f,0xe6,0x35,0xe8,
    0xe0,0x05,0x90,0xbd,0xe0,0x00,0xf0,0x02,0x38,0x60,0x18,0x60,0x64,0x2e,0x64,0x2f,
    0xa2,0x00,0xa4,0x35,0xb9,0x00,0x04,0xc9,0x30,0xf0,0x06,0xc9,0x31,0xf0,0x02,0x80,
    0x0f,0x38,0xe9,0x30,0x4a,0x26,0x2e,0x26,0x2f,0xe6,0x35,0xe8,0xe0,0x10,0x90,0xe2,
    0xe0,0x00,0xf0,0x02,0x38,0x60,0x18,0x60,0xa5,0x2e,0x85,0x32,0xa5,0x2f,0x85,0x33,
    0xa2,0x00,0xa0,0x00,0xa9,0x2f,0x85,0x34,0xe6,0x34,0xa5,0x32,0x38,0xf9,0xcf,0xfa,
    0x48,0xa5,0x33,0xf9,0xd3,0xfa,0x90,0x07,0x85,0x33,0x68,0x85,0x32,0x80,0xe9,0x68,
    0xa5,0x34,0xc9,0x30,0xd0,0x04,0xe0,0x00,0xf0,0x08,0xda,0x5a,0x20,0x00,0xa0,0x7a,
    0xfa,0xe8,0xc8,0xc0,0x04,0xd0,0xcd,0xa5,0x32,0x09,0x30,0x20,0x00,0xa0,0x60,0x10,
    0xe8,0x64,0x0a,0x27,0x03,0x00,0x00,0xa5,0x2f,0x20,0xde,0xfa,0xa5,0x2e,0xa2,0x08,
    0x0a,0x48,0xa9,0x30,0x69,0x00,0x20,0x00,0xa0,0x68,0xca,0xd0,0xf3,0x60,0xa2,0x00,
    0xbd,0xc8,0xfb,0xf0,0x06,0x20,0x00,0xa0,0xe8,0x80,0xf5,0x20,0x88,0xfa,0xa2,0x00,
    0xbd,0xd7,0xfb,0xf0,0x06,0x20,0x00,0xa0,0xe8,0x80,0xf5,0xa5,0x30,0x85,0x2e,0xa5,
    0x31,0x85,0x2f,0x20,0x5e,0xfb,0x4c,0x6d,0xfb,0xa2,0x00,0xbd,0xd0,0xfb,0xf0,0x06,
    0x20,0x00,0xa0,0xe8,0x80,0xf5,0x20,0x88,0xfa,0xa2,0x00,0xbd,0xe3,0xfb,0xf0,0x06,
    0x20,0x00,0xa0,0xe8,0x80,0xf5,0x4c,0x6d,0xfb,0xa9,0xea,0xa0,0xfb,0x20,0x90,0xa0,
    0x4c,0x6d,0xfb,0x48,0x4a,0x4a,0x4a,0x4a,0x20,0x4e,0xfb,0x68,0x29,0x0f,0xc9,0x0a,
    0x90,0x06,0x18,0x69,0x37,0x4c,0x00,0xa0,0x18,0x69,0x30,0x4c,0x00,0xa0,0xa5,0x2f,
    0x20,0x43,0xfb,0xa5,0x2e,0x4c,0x43,0xfb,0xa9,0x20,0x4c,0x00,0xa0,0xa9,0x0d,0x20,
    0x00,0xa0,0xa9,0x0a,0x4c,0x00,0xa0,0xa9,0x3f,0x20,0x00,0xa0,0x4c,0x6d,0xfb,0xa2,
    0x00,0xbd,0x8d,0xfb,0xf0,0x06,0x20,0x00,0xa0,0xe8,0x80,0xf5,0x60,0x36,0x35,0x30,
    0x32,0x20,0x4d,0x4f,0x4e,0x49,0x54,0x4f,0x52,0x20,0x76,0x31,0x2e,0x31,0x0d,0x0a,
    0x00,0x42,0x52,0x4b,0x20,0x41,0x54,0x20,0x24,0x00,0x46,0x49,0x4c,0x45,0x20,0x4e,
    0x4f,0x54,0x20,0x46,0x4f,0x55,0x4e,0x44,0x00,0x44,0x49,0x52,0x45,0x43,0x54,0x4f,
    0x52,0x59,0x20,0x46,0x55,0x4c,0x4c,0x00,0x4c,0x4f,0x41,0x44,0x45,0x44,0x20,0x00,
    0x53,0x41,0x56,0x45,0x44,0x20,0x00,0x20,0x42,0x59,0x54,0x45,0x53,0x20,0x41,0x54,
    0x20,0x24,0x00,0x20,0x42,0x59,0x54,0x45,0x53,0x00,0x49,0x2f,0x4f,0x20,0x45,0x52,
    0x52,0x4f,0x52,0x00,0x41,0x44,0x43,0x41,0x4e,0x44,0x41,0x53,0x4c,0x42,0x42,0x52,
    0x42,0x42,0x53,0x42,0x43,0x43,0x42,0x43,0x53,0x42,0x45,0x51,0x42,0x49,0x54,0x42,
    0x4d,0x49,0x42,0x4e,0x45,0x42,0x50,0x4c,0x42,0x52,0x41,0x42,0x52,0x4b,0x42,0x56,
    0x43,0x42,0x56,0x53,0x43,0x4c,0x43,0x43,0x4c,0x44,0x43,0x4c,0x49,0x43,0x4c,0x56,
    0x43,0x4d,0x50,0x43,0x50,0x58,0x43,0x50,0x59,0x44,0x45,0x43,0x44,0x45,0x58,0x44,
    0x45,0x59,0x45,0x4f,0x52,0x49,0x4e,0x43,0x49,0x4e,0x58,0x49,0x4e,0x59,0x4a,0x4d,
    0x50,0x4a,0x53,0x52,0x4c,0x44,0x41,0x4c,0x44,0x58,0x4c,0x44,0x59,0x4c,0x53,0x52,
    0x4e,0x4f,0x50,0x4f,0x52,0x41,0x50,0x48,0x41,0x50,0x48,0x50,0x50,0x48,0x58,0x50,
    0x48,0x59,0x50,0x4c,0x41,0x50,0x4c,0x50,0x50,0x4c,0x58,0x50,0x4c,0x59,0x52,0x4d,
    0x42,0x52,0x4f,0x4c,0x52,0x4f,0x52,0x52,0x54,0x49,0x52,0x54,0x53,0x53,0x42,0x43,
    0x53,0x45,0x43,0x53,0x45,0x44,0x53,0x45,0x49,0x53,0x4d,0x42,0x53,0x54,0x41,0x53,
    0x54,0x50,0x53,0x54,0x58,0x53,0x54,0x59,0x53,0x54,0x5a,0x54,0x41,0x58,0x54,0x41,
    0x59,0x54,0x52,0x42,0x54,0x53,0x42,0x54,0x53,0x58,0x54,0x58,0x41,0x54,0x58,0x53,
    0x54,0x59,0x41,0x57,0x41,0x49,0x3f,0x3f,0x3f,0x00,0x00,0x01,0x01,0x01,0x01,0x02,
    0x02,0x02,0x02,0x01,0x01,0x01,0x01,0x02,0x02,0x84,0xf7,0x85,0xf7,0x8a,0xf7,0x9b,
    0xf7,0xa7,0xf7,0xb4,0xf7,0xc1,0xf7,0xd4,0xf7,0xe1,0xf7,0xee,0xf7,0xfb,0xf7,0x12,
    0xf8,0x29,0xf8,0x36,0xf8,0x70,0xf8,0xbb,0xf8,0x0d,0x00,0x25,0x0a,0x46,0x00,0x46,
    0x00,0x40,0x03,0x25,0x03,0x02,0x03,0x2e,0x03,0x27,0x00,0x25,0x02,0x02,0x01,0x46,
    0x00,0x40,0x06,0x25,0x06,0x02,0x06,0x03,0x0e,0x0b,0x0d,0x25,0x0b,0x25,0x0c,0x46,
    0x00,0x3f,0x03,0x25,0x04,0x02,0x04,0x2e,0x03,0x10,0x00,0x25,0x08,0x1b,0x01,0x46,
    0x00,0x3f,0x06,0x25,0x07,0x02,0x07,0x03,0x0e,0x1f,0x06,0x01,0x0a,0x46,0x00,0x46,
    0x00,0x08,0x03,0x01,0x03,0x2f,0x03,0x2e,0x03,0x2b,0x00,0x01,0x02,0x2f,0x01,0x46,
    0x00,0x08,0x06,0x01,0x06,0x2f,0x06,0x03,0x0e,0x09,0x0d,0x01,0x0b,0x01,0x0c,0x46,
    0x00,0x08,0x04,0x01,0x04,0x2f,0x04,0x2e,0x03,0x34,0x00,0x01,0x08,0x17,0x01,0x46,
    0x00,0x08,0x07,0x01,0x07,0x2f,0x07,0x03,0x0e,0x31,0x00,0x1a,0x0a,0x46,0x00,0x46,
    0x00,0x46,0x00,0x1a,0x03,0x23,0x03,0x2e,0x03,0x26,0x00,0x1a,0x02,0x23,0x01,0x46,
    0x00,0x1e,0x06,0x1a,0x06,0x23,0x06,0x03,0x0e,0x0e,0x0d,0x1a,0x0b,0x1a,0x0c,0x46,
    0x00,0x46,0x00,0x1a,0x04,0x23,0x04,0x2e,0x03,0x12,0x00,0x1a,0x08,0x29,0x00,0x46,
    0x00,0x46,0x00,0x1a,0x07,0x23,0x07,0x03,0x0e,0x32,0x00,0x00,0x0a,0x46,0x00,0x46,
    0x00,0x3c,0x03,0x00,0x03,0x30,0x03,0x2e,0x03,0x2a,0x00,0x00,0x02,0x30,0x01,0x46,
    0x00,0x1e,0x09,0x00,0x06,0x30,0x06,0x03,0x0e,0x0f,0x0d,0x00,0x0b,0x00,0x0c,0x46,
    0x00,0x3c,0x04,0x00,0x04,0x30,0x04,0x2e,0x03,0x36,0x00,0x00,0x08,0x2d,0x00,0x46,
    0x00,0x1e,0x0f,0x00,0x07,0x30,0x07,0x03,0x0e,0x0c,0x0d,0x38,0x0a,0x46,0x00,0x46,
    0x00,0x3b,0x03,0x38,0x03,0x3a,0x03,0x37,0x03,0x19,0x00,0x08,0x02,0x42,0x00,0x46,
    0x00,0x3b,0x06,0x38,0x06,0x3a,0x06,0x04,0x0e,0x05,0x0d,0x38,0x0b,0x38,0x0c,0x46,
    0x00,0x3b,0x04,0x38,0x04,0x3a,0x05,0x37,0x03,0x44,0x00,0x38,0x08,0x43,0x00,0x46,
    0x00,0x3c,0x06,0x38,0x07,0x3c,0x07,0x04,0x0e,0x22,0x02,0x20,0x0a,0x21,0x02,0x46,
    0x00,0x22,0x03,0x20,0x03,0x21,0x03,0x37,0x03,0x3e,0x00,0x20,0x02,0x3d,0x00,0x46,
    0x00,0x22,0x06,0x20,0x06,0x21,0x06,0x04,0x0e,0x06,0x0d,0x20,0x0b,0x20,0x0c,0x46,
    0x00,0x22,0x04,0x20,0x04,0x21,0x05,0x37,0x03,0x13,0x00,0x20,0x08,0x41,0x00,0x46,
    0x00,0x22,0x07,0x20,0x07,0x21,0x08,0x04,0x0e,0x16,0x02,0x14,0x0a,0x46,0x00,0x46,
    0x00,0x16,0x03,0x14,0x03,0x17,0x03,0x37,0x03,0x1d,0x00,0x14,0x02,0x18,0x00,0x45,
    0x00,0x16,0x06,0x14,0x06,0x17,0x06,0x04,0x0e,0x0a,0x0d,0x14,0x0b,0x14,0x0c,0x46,
    0x00,0x46,0x00,0x14,0x04,0x17,0x04,0x37,0x03,0x11,0x00,0x14,0x08,0x28,0x00,0x39,
    0x00,0x46,0x00,0x14,0x07,0x17,0x07,0x04,0x0e,0x15,0x02,0x33,0x0a,0x46,0x00,0x46,
    0x00,0x15,0x03,0x33,0x03,0x1b,0x03,0x37,0x03,0x1c,0x00,0x33,0x02,0x24,0x00,0x46,
    0x00,0x15,0x06,0x33,0x06,0x1b,0x06,0x04,0x0e,0x07,0x0d,0x33,0x0b,0x33,0x0c,0x46,
    0x00,0x46,0x00,0x33,0x04,0x1b,0x04,0x37,0x03,0x35,0x00,0x33,0x08,0x2c,0x00,0x46,
    0x00,0x46,0x00,0x33,0x07,0x1b,0x07,0x04,0x0e,0x00,0x00,0x00,0x00,0x00,0x00,0x00,
    0xa9,0x1b,0xc9,0x08,0xf0,0x18,0xc9,0x1b,0xf0,0x03,0xc8,0x10,0x14,0xa9,0x5c,0x20,
    0xed,0xff,0xa9,0x0d,0x20,0xed,0xff,0xa9,0x0a,0x20,0xed,0xff,0xa0,0x01,0x88,0x30,
    0xf1,0x20,0x03,0xa0,0x90,0xfb,0x99,0x00,0x04,0xc9,0x0d,0xd0,0xd5,0xa0,0xff,0xa9,
    0x00,0xaa,0x0a,0x0a,0x85,0x2b,0xc8,0xb9,0x00,0x04,0xc9,0x0d,0xf0,0xd4,0xc9,0x2e,
    0x90,0xf4,0xf0,0xee,0xc9,0x3a,0xf0,0xeb,0xc9,0x52,0xf0,0x3b,0x86,0x28,0x86,0x29,
    0x84,0x2a,0xb9,0x00,0x04,0x49,0x30,0xc9,0x0a,0x90,0x06,0x69,0x88,0xc9,0xfa,0x90,
    0x11,0x0a,0x0a,0x0a,0x0a,0xa2,0x04,0x0a,0x26,0x28,0x26,0x29,0xca,0xd0,0xf8,0xc8,
    0xd0,0xe0,0xc4,0x2a,0xf0,0x97,0x24,0x2b,0x50,0x16,0xa5,0x28,0x81,0x26,0xe6,0x26,
    0xd0,0xb5,0xe6,0x27,0x4c,0x37,0xff,0x20,0x8d,0xff,0x4c,0x00,0xff,0x6c,0x24,0x00,
    0x30,0x30,0xa2,0x02,0xb5,0x27,0x95,0x25,0x95,0x23,0xca,0xd0,0xf7,0xd0,0x19,0xa9,
    0x0d,0x20,0xed,0xff,0xa9,0x0a,0x20,0xed,0xff,0xa5,0x25,0x20,0xda,0xff,0xa5,0x24,
    0x20,0xda,0xff,0xa9,0x3a,0x20,0xed,0xff,0xa9,0x20,0x20,0xed,0xff,0xa1,0x24,0x20,
    0xda,0xff,0x86,0x2b,0xa5,0x24,0xc5,0x28,0xa5,0x25,0xe5,0x29,0xb0,0xb6,0xe6,0x24,
    0xd0,0x02,0xe6,0x25,0xa5,0x24,0x29,0x07,0x10,0xc3,0x48,0x4a,0x4a,0x4a,0x4a,0x20,
    0xe3,0xff,0x68,0x29,0x0f,0x09,0x30,0xc9,0x3a,0x90,0x02,0x69,0x06,0x20,0x00,0xa0,
    0x60,0x00,0x00,0x00,0x00,0x00,0x00,0x00,0x00,0x00,0xe7,0xb1,0xea,0xb1,0xed,0xb1,
};
